Bus_Delay,Event_Date,Occurred_On,Informed_On,Reaction_Time,Students_Number,School_Year,School_Level,Delay_Reason,Delay_Result,Boro,Route_Number,Bus_Company,Bus_Number,Bus_Run_Type,OPT_Alerted,Schools_Notified,Parents_Notified
30,2016-10-31,07:00:00,07:28:00,0 days 00:28:00.000000000,0,2,2,4,2,7,621,8,428,1,0,1,0
45,2017-05-08,14:08:00,14:11:00,0 days 00:03:00.000000000,0,2,1,6,2,2,13,16,806,4,0,1,1
53,2019-02-06,06:13:00,06:14:00,0 days 00:01:00.000000000,0,4,2,4,2,4,415,24,153,7,0,1,1
75,2018-11-15,07:24:00,07:24:00,0 days 00:00:00.000000000,2,4,1,4,2,2,68,44,31,4,0,1,1
38,2017-09-28,07:14:00,07:16:00,0 days 00:02:00.000000000,0,3,2,4,2,4,395,24,170,7,0,1,1
23,2019-01-28,08:28:00,08:29:00,0 days 00:01:00.000000000,12,4,1,7,2,2,32,16,799,4,0,1,1
10,2017-07-06,07:50:00,07:47:00,-1 days +23:57:00.000000000,2,3,1,4,2,2,61,12,401,4,0,1,1
20,2016-10-25,14:25:00,14:33:00,0 days 00:08:00.000000000,0,2,2,7,2,4,358,24,326,9,1,1,1
23,2018-12-06,07:15:00,07:27:00,0 days 00:12:00.000000000,10,4,1,4,2,2,518,12,404,4,0,1,1
7,2017-09-11,07:45:00,07:50:00,0 days 00:05:00.000000000,6,3,2,4,2,2,780,39,791,7,0,1,0
7,2018-10-26,08:06:00,08:07:00,0 days 00:01:00.000000000,10,4,1,4,2,2,1,16,812,4,0,1,1
7,2018-01-18,07:46:00,07:47:00,0 days 00:01:00.000000000,5,3,2,4,2,4,457,24,160,7,0,1,1
30,2017-04-28,14:20:00,14:23:00,0 days 00:03:00.000000000,0,2,2,4,2,4,351,48,924,9,0,1,1
25,2016-09-21,06:58:00,07:00:00,0 days 00:02:00.000000000,0,2,2,4,2,9,712,39,32,1,0,1,0
15,2017-01-30,07:10:00,07:12:00,0 days 00:02:00.000000000,3,2,2,4,2,7,575,27,739,7,0,1,1
53,2018-05-14,06:44:00,06:45:00,0 days 00:01:00.000000000,0,3,2,4,2,4,365,42,433,7,1,1,1
45,2016-05-02,07:55:00,08:04:00,0 days 00:09:00.000000000,3,1,2,10,2,3,124,36,892,7,0,1,1
23,2019-02-06,06:15:00,06:58:00,0 days 00:43:00.000000000,2,4,1,4,2,2,64,6,415,4,0,1,1
45,2016-09-28,07:30:00,07:58:00,0 days 00:28:00.000000000,1,2,2,4,2,10,300,29,766,7,0,1,1
45,2016-01-04,07:10:00,07:28:00,0 days 00:18:00.000000000,5,1,2,4,2,3,95,36,905,7,0,1,1
25,2015-10-08,07:22:00,07:23:00,0 days 00:01:00.000000000,1,1,2,4,2,4,438,37,260,7,0,0,0
38,2018-03-06,13:41:00,13:42:00,0 days 00:01:00.000000000,0,3,2,4,2,4,485,24,251,9,0,1,1
30,2016-01-19,15:28:00,15:29:00,0 days 00:01:00.000000000,0,1,2,4,2,7,565,27,757,9,0,1,1
45,2016-11-07,06:57:00,07:00:00,0 days 00:03:00.000000000,0,2,2,6,2,7,642,30,340,1,0,1,0
30,2017-05-30,13:25:00,13:30:00,0 days 00:05:00.000000000,0,2,2,4,2,4,313,9,244,7,1,1,1
30,2016-01-26,07:01:00,07:05:00,0 days 00:04:00.000000000,0,1,2,9,2,3,304,42,468,7,1,1,1
38,2018-04-11,07:03:00,07:09:00,0 days 00:06:00.000000000,0,3,2,4,2,7,551,24,152,7,0,1,1
20,2016-10-26,06:17:00,06:21:00,0 days 00:04:00.000000000,0,2,2,4,2,3,174,42,575,7,1,1,1
30,2017-05-22,07:33:00,07:40:00,0 days 00:07:00.000000000,5,2,1,4,2,2,31,16,811,4,0,1,1
38,2018-06-18,14:10:00,14:13:00,0 days 00:03:00.000000000,0,3,2,4,2,10,265,42,446,7,1,1,0
35,2017-01-09,06:34:00,06:35:00,0 days 00:01:00.000000000,0,2,2,4,2,3,118,36,907,7,0,1,1
5,2017-02-16,07:55:00,07:56:00,0 days 00:01:00.000000000,8,2,2,4,2,2,903,16,868,7,1,1,1
10,2015-09-18,07:40:00,07:47:00,0 days 00:07:00.000000000,12,1,1,7,2,2,11,16,495,4,0,1,1
75,2019-01-18,07:13:00,07:14:00,0 days 00:01:00.000000000,2,4,1,4,2,2,58,44,26,4,0,1,1
23,2018-09-07,15:26:00,15:28:00,0 days 00:02:00.000000000,0,4,2,4,2,10,938,12,852,9,1,1,1
53,2019-02-27,06:25:00,06:43:00,0 days 00:18:00.000000000,0,4,2,4,2,4,396,40,544,7,0,1,1
20,2016-02-05,06:23:00,06:26:00,0 days 00:03:00.000000000,0,1,1,9,2,2,15,16,71,4,1,1,0
7,2017-05-16,08:01:00,08:07:00,0 days 00:06:00.000000000,0,2,2,4,2,9,708,39,795,1,0,1,0
38,2018-09-07,08:30:00,08:32:00,0 days 00:02:00.000000000,11,4,1,4,2,2,33,16,810,4,0,0,0
45,2016-10-11,07:52:00,07:54:00,0 days 00:02:00.000000000,0,2,2,4,2,3,73,36,884,7,0,1,1
23,2018-11-05,14:55:00,15:08:00,0 days 00:13:00.000000000,0,4,2,2,2,3,230,46,461,3,0,1,0
38,2018-10-25,07:43:00,07:44:00,0 days 00:01:00.000000000,0,4,2,4,2,4,512,24,179,7,0,1,1
38,2018-09-25,06:57:00,06:58:00,0 days 00:01:00.000000000,0,4,2,4,2,4,498,24,174,7,0,1,1
53,2018-12-12,07:52:00,07:54:00,0 days 00:02:00.000000000,0,4,2,7,2,5,540,36,219,7,0,1,1
38,2018-02-27,06:34:00,06:35:00,0 days 00:01:00.000000000,0,3,2,4,2,4,392,24,131,7,0,1,1
25,2017-01-25,06:56:00,06:59:00,0 days 00:03:00.000000000,0,2,2,10,2,3,106,23,526,7,0,1,1
25,2015-11-19,14:00:00,14:14:00,0 days 00:14:00.000000000,0,1,2,4,2,7,670,26,643,9,0,1,1
38,2019-01-04,07:17:00,07:17:00,0 days 00:00:00.000000000,0,4,2,4,2,4,495,24,223,7,0,1,1
25,2016-12-19,06:50:00,06:57:00,0 days 00:07:00.000000000,0,2,2,4,2,2,885,19,18,7,0,1,1
53,2018-06-12,13:55:00,14:12:00,0 days 00:17:00.000000000,0,3,1,7,2,3,18,23,688,4,1,1,1
20,2017-07-26,08:40:00,08:43:00,0 days 00:03:00.000000000,4,3,1,4,2,2,33,16,71,4,0,1,1
30,2017-02-24,08:00:00,08:01:00,0 days 00:01:00.000000000,8,2,1,4,2,2,28,16,502,4,0,1,1
23,2018-03-26,06:21:00,06:22:00,0 days 00:01:00.000000000,0,3,2,4,2,4,466,24,36,7,0,1,1
25,2017-03-31,06:54:00,06:56:00,0 days 00:02:00.000000000,0,2,2,4,2,2,854,26,777,7,0,1,1
52,2017-05-10,06:25:00,06:35:00,0 days 00:10:00.000000000,0,2,2,6,2,4,330,46,390,1,1,1,0
20,2016-05-24,07:47:00,07:49:00,0 days 00:02:00.000000000,4,1,2,4,2,4,514,24,143,7,0,1,1
23,2017-12-21,13:53:00,13:58:00,0 days 00:05:00.000000000,0,3,2,7,2,3,99,36,909,9,0,1,1
23,2018-03-20,07:05:00,07:06:00,0 days 00:01:00.000000000,0,3,2,4,2,4,489,24,277,7,0,1,1
38,2019-02-27,06:23:00,06:24:00,0 days 00:01:00.000000000,0,4,2,4,2,4,479,24,234,7,0,1,1
35,2017-01-19,06:44:00,06:45:00,0 days 00:01:00.000000000,0,2,2,4,2,3,144,36,903,7,0,1,1
23,2017-12-08,07:36:00,07:53:00,0 days 00:17:00.000000000,6,3,2,4,2,11,747,31,334,7,0,1,0
23,2018-03-02,06:47:00,06:49:00,0 days 00:02:00.000000000,1,3,1,9,2,2,548,12,429,4,0,1,1
25,2016-10-14,07:20:00,07:25:00,0 days 00:05:00.000000000,2,2,1,4,2,3,21,23,479,4,1,1,1
23,2017-09-18,07:28:00,07:29:00,0 days 00:01:00.000000000,10,3,2,7,2,2,823,50,394,7,1,1,1
53,2018-05-21,06:58:00,06:59:00,0 days 00:01:00.000000000,0,3,2,4,2,4,383,42,450,7,1,1,1
25,2017-04-28,06:30:00,06:34:00,0 days 00:04:00.000000000,5,2,2,7,2,3,169,13,431,7,0,1,1
35,2017-03-30,06:47:00,06:49:00,0 days 00:02:00.000000000,0,2,2,6,2,7,661,29,556,7,0,1,1
75,2018-03-01,08:17:00,08:19:00,0 days 00:02:00.000000000,5,3,1,4,2,2,58,44,26,4,0,1,0
38,2018-10-12,07:49:00,07:53:00,0 days 00:04:00.000000000,4,4,2,4,2,11,746,31,759,7,0,1,0
38,2019-02-04,06:30:00,06:54:00,0 days 00:24:00.000000000,0,4,2,7,2,3,175,51,2,7,0,1,1
38,2019-01-24,14:05:00,14:07:00,0 days 00:02:00.000000000,1,4,2,4,2,4,497,24,95,9,0,1,1
23,2019-03-11,06:38:00,06:40:00,0 days 00:02:00.000000000,0,4,2,6,2,3,200,9,577,7,0,0,0
23,2018-03-22,07:59:00,08:00:00,0 days 00:01:00.000000000,13,3,2,9,2,2,781,50,725,7,1,1,1
23,2017-12-14,07:38:00,07:49:00,0 days 00:11:00.000000000,4,3,2,4,2,7,665,48,925,7,1,1,1
45,2017-03-29,06:17:00,06:23:00,0 days 00:06:00.000000000,0,2,2,6,2,7,677,15,828,7,1,1,1
38,2017-11-09,07:55:00,07:59:00,0 days 00:04:00.000000000,9,3,1,4,2,2,11,16,504,4,0,1,1
23,2017-09-26,05:54:00,06:02:00,0 days 00:08:00.000000000,0,3,2,10,2,4,405,48,926,7,0,0,1
38,2019-01-30,07:58:00,07:59:00,0 days 00:01:00.000000000,8,4,2,4,2,9,725,42,398,7,1,1,1
15,2016-02-12,07:55:00,07:56:00,0 days 00:01:00.000000000,1,1,2,4,2,11,753,31,228,7,0,1,0
38,2017-12-14,07:00:00,07:12:00,0 days 00:12:00.000000000,1,3,2,3,2,3,164,13,400,7,0,1,1
53,2018-09-06,08:50:00,09:00:00,0 days 00:10:00.000000000,5,4,2,4,2,4,474,24,324,7,0,1,0
15,2017-01-25,05:58:00,05:59:00,0 days 00:01:00.000000000,0,2,2,4,2,10,953,12,866,7,1,1,1
38,2019-01-31,06:44:00,06:45:00,0 days 00:01:00.000000000,0,4,2,9,2,2,846,25,203,7,0,1,1
23,2019-02-27,06:50:00,06:58:00,0 days 00:08:00.000000000,4,4,2,4,2,5,526,13,273,7,0,1,1
15,2016-02-01,07:57:00,08:02:00,0 days 00:05:00.000000000,1,1,2,4,2,7,611,15,233,7,1,1,1
15,2017-05-19,14:00:00,14:02:00,0 days 00:02:00.000000000,0,2,2,4,2,10,942,12,856,7,1,1,1
25,2017-06-05,06:28:00,06:30:00,0 days 00:02:00.000000000,0,2,2,10,2,3,132,23,537,7,0,1,1
20,2016-05-10,08:54:00,08:59:00,0 days 00:05:00.000000000,1,1,2,7,2,4,374,16,846,7,1,1,0
15,2017-04-05,06:43:00,06:44:00,0 days 00:01:00.000000000,4,2,2,4,2,2,829,50,333,7,1,1,1
30,2016-01-25,07:15:00,07:22:00,0 days 00:07:00.000000000,0,1,2,9,2,3,148,9,291,1,0,1,0
15,2017-05-22,08:19:00,08:21:00,0 days 00:02:00.000000000,5,2,2,4,2,7,667,42,675,7,1,1,1
38,2018-02-01,06:20:00,06:21:00,0 days 00:01:00.000000000,0,3,2,4,2,4,356,24,162,7,0,1,1
38,2018-09-21,07:13:00,07:13:00,0 days 00:00:00.000000000,0,4,2,4,2,4,508,24,122,7,0,1,1
35,2016-02-18,06:38:00,06:40:00,0 days 00:02:00.000000000,0,1,2,7,2,5,537,27,758,7,0,1,1
15,2015-12-18,07:50:00,07:52:00,0 days 00:02:00.000000000,6,1,1,4,2,2,11,16,6,4,0,1,1
38,2018-09-24,07:43:00,07:45:00,0 days 00:02:00.000000000,5,4,2,4,2,7,599,42,703,7,1,1,1
38,2017-10-27,14:15:00,14:38:00,0 days 00:23:00.000000000,0,3,2,6,2,3,228,9,302,3,0,0,0
17,2017-03-29,14:34:00,14:37:00,0 days 00:03:00.000000000,0,2,2,4,2,4,341,24,187,7,0,1,1
35,2017-03-22,06:45:00,06:56:00,0 days 00:11:00.000000000,8,2,2,4,2,3,85,36,878,7,0,1,1
10,2017-05-24,07:40:00,07:41:00,0 days 00:01:00.000000000,4,2,1,4,2,2,547,12,429,4,0,1,1
20,2017-04-25,07:14:00,07:15:00,0 days 00:01:00.000000000,4,2,2,4,2,4,471,24,208,7,0,1,1
23,2018-12-03,07:25:00,07:31:00,0 days 00:06:00.000000000,4,4,2,4,2,2,835,9,62,7,0,0,1
25,2015-12-03,06:50:00,07:08:00,0 days 00:18:00.000000000,0,1,2,4,2,2,808,17,450,1,0,1,1
38,2018-11-08,07:58:00,07:59:00,0 days 00:01:00.000000000,1,4,2,4,2,4,338,24,107,7,0,1,1
38,2019-01-04,13:30:00,13:31:00,0 days 00:01:00.000000000,1,4,2,4,2,4,515,24,126,9,0,1,1
15,2017-05-11,07:34:00,07:37:00,0 days 00:03:00.000000000,3,2,2,4,2,2,772,42,656,7,1,1,1
23,2018-03-28,06:41:00,06:42:00,0 days 00:01:00.000000000,0,3,2,4,2,2,844,42,651,7,1,1,1
25,2017-04-27,06:12:00,06:13:00,0 days 00:01:00.000000000,0,2,2,4,2,4,421,24,140,7,0,1,1
7,2018-04-25,08:11:00,08:12:00,0 days 00:01:00.000000000,2,3,2,4,2,2,793,39,346,1,0,0,0
23,2018-09-21,06:40:00,06:47:00,0 days 00:07:00.000000000,0,4,2,4,2,1,254,19,690,7,0,1,1
23,2018-02-01,06:20:00,06:23:00,0 days 00:03:00.000000000,0,3,2,4,2,9,703,39,10,1,0,1,0
25,2016-04-20,08:07:00,08:10:00,0 days 00:03:00.000000000,1,1,2,4,2,4,494,42,467,7,1,1,1
17,2017-02-17,13:52:00,13:57:00,0 days 00:05:00.000000000,0,2,1,4,2,2,11,16,714,4,1,1,1
15,2016-02-05,06:36:00,06:50:00,0 days 00:14:00.000000000,0,1,2,9,2,9,705,39,525,1,0,1,0
75,2019-03-26,16:45:00,16:48:00,0 days 00:03:00.000000000,0,4,2,4,2,2,889,33,555,5,1,1,1
38,2018-09-21,06:25:00,06:25:00,0 days 00:00:00.000000000,0,4,2,4,2,4,411,24,92,7,0,1,1
20,2017-02-17,15:55:00,16:03:00,0 days 00:08:00.000000000,12,2,2,6,2,3,91,14,358,9,0,1,1
38,2017-10-27,07:16:00,07:17:00,0 days 00:01:00.000000000,0,3,2,4,2,5,527,24,472,7,0,1,1
15,2016-03-01,07:51:00,07:52:00,0 days 00:01:00.000000000,7,1,2,4,2,2,270,42,427,7,1,1,1
23,2017-11-13,06:34:00,06:36:00,0 days 00:02:00.000000000,0,3,2,7,2,7,672,26,578,7,0,1,1
20,2016-04-06,13:54:00,13:58:00,0 days 00:04:00.000000000,0,1,2,4,2,11,762,50,934,9,1,0,1
23,2018-01-30,08:10:00,08:11:00,0 days 00:01:00.000000000,0,3,2,4,2,4,419,42,487,7,1,1,1
53,2019-03-05,06:18:00,06:24:00,0 days 00:06:00.000000000,0,4,2,4,2,10,939,40,743,7,0,1,1
45,2017-05-22,06:07:00,06:07:00,0 days 00:00:00.000000000,0,2,2,10,2,3,213,41,711,1,0,0,0
20,2016-10-25,14:05:00,14:07:00,0 days 00:02:00.000000000,0,2,2,4,2,3,194,42,72,7,1,1,1
30,2016-12-16,07:26:00,07:27:00,0 days 00:01:00.000000000,0,2,2,4,2,3,151,36,894,7,0,0,0
7,2017-12-18,08:05:00,08:06:00,0 days 00:01:00.000000000,4,3,1,4,2,2,52,44,440,4,0,1,0
7,2017-09-08,08:05:00,08:08:00,0 days 00:03:00.000000000,9,3,2,4,2,2,819,39,785,7,0,1,0
38,2018-05-16,07:44:00,07:45:00,0 days 00:01:00.000000000,0,3,2,7,2,7,638,26,779,7,0,1,1
53,2018-11-13,13:15:00,13:25:00,0 days 00:10:00.000000000,0,4,2,5,2,7,693,5,719,3,0,0,0
38,2019-02-28,13:11:00,13:12:00,0 days 00:01:00.000000000,1,4,2,4,2,4,515,24,126,9,0,1,1
10,2016-02-22,07:25:00,07:28:00,0 days 00:03:00.000000000,0,1,2,4,2,9,710,39,821,1,0,1,0
25,2017-03-02,14:11:00,14:12:00,0 days 00:01:00.000000000,0,2,2,7,2,7,598,42,637,7,1,1,1
7,2019-03-08,06:25:00,06:27:00,0 days 00:02:00.000000000,0,4,2,4,2,2,782,50,395,7,1,1,1
15,2016-11-29,07:45:00,07:51:00,0 days 00:06:00.000000000,0,2,2,7,2,3,182,9,488,7,0,1,1
25,2015-12-15,06:30:00,06:46:00,0 days 00:16:00.000000000,0,1,2,6,2,3,95,36,914,7,0,1,1
23,2018-10-05,14:30:00,14:35:00,0 days 00:05:00.000000000,0,4,2,1,2,10,948,12,853,7,0,1,1
12,2017-04-19,07:50:00,07:53:00,0 days 00:03:00.000000000,5,2,2,4,2,2,843,16,837,7,1,1,1
23,2018-12-04,06:30:00,06:59:00,0 days 00:29:00.000000000,0,4,2,4,2,7,620,8,435,1,0,1,0
23,2019-03-25,07:10:00,07:15:00,0 days 00:05:00.000000000,4,4,2,4,2,4,525,13,260,7,0,1,1
20,2016-07-21,07:37:00,07:37:00,0 days 00:00:00.000000000,3,2,2,4,2,4,448,19,166,7,0,1,1
45,2016-03-21,14:12:00,14:12:00,0 days 00:00:00.000000000,0,1,2,6,2,7,674,26,176,7,0,1,1
7,2019-01-16,13:42:00,13:43:00,0 days 00:01:00.000000000,0,4,2,4,2,3,252,23,640,9,0,1,1
7,2018-10-26,06:00:00,06:11:00,0 days 00:11:00.000000000,0,4,2,4,2,10,951,12,850,7,0,1,1
40,2017-01-10,06:30:00,06:42:00,0 days 00:12:00.000000000,0,2,2,7,2,3,100,9,4,7,0,1,1
38,2018-04-11,07:10:00,07:11:00,0 days 00:01:00.000000000,0,3,2,4,2,4,427,24,137,7,0,1,1
23,2019-02-13,06:17:00,06:19:00,0 days 00:02:00.000000000,0,4,2,4,2,2,893,39,928,1,0,1,0
45,2017-04-03,06:30:00,06:36:00,0 days 00:06:00.000000000,5,2,2,4,2,3,209,5,251,1,0,1,1
23,2018-04-17,13:52:00,13:54:00,0 days 00:02:00.000000000,0,3,1,6,2,2,32,16,714,4,1,1,1
53,2017-11-17,06:50:00,06:51:00,0 days 00:01:00.000000000,0,3,2,4,2,9,720,42,499,7,1,1,1
7,2019-01-18,12:47:00,12:48:00,0 days 00:01:00.000000000,0,4,2,4,2,3,253,23,661,9,0,1,1
23,2017-10-27,15:51:00,15:52:00,0 days 00:01:00.000000000,0,3,2,4,2,9,732,39,579,3,0,1,0
60,2017-03-15,06:37:00,06:38:00,0 days 00:01:00.000000000,0,2,2,9,2,3,240,7,67,7,0,1,1
23,2017-09-27,06:16:00,06:18:00,0 days 00:02:00.000000000,0,3,2,4,2,9,715,39,586,1,0,1,0
23,2018-05-29,03:09:00,15:12:00,0 days 12:03:00.000000000,0,3,2,4,2,4,275,42,348,7,1,0,1
60,2017-04-19,05:50:00,05:55:00,0 days 00:05:00.000000000,0,2,2,7,2,3,210,3,705,1,0,0,0
53,2018-11-15,16:39:00,16:45:00,0 days 00:06:00.000000000,0,4,2,9,2,2,919,41,47,1,0,0,0
45,2016-10-27,06:28:00,06:30:00,0 days 00:02:00.000000000,1,2,2,8,2,3,72,36,913,7,0,1,1
38,2018-05-17,06:45:00,07:01:00,0 days 00:16:00.000000000,0,3,1,7,2,7,40,20,610,4,1,1,1
20,2017-05-23,07:38:00,07:42:00,0 days 00:04:00.000000000,4,2,2,4,2,4,472,33,311,7,0,1,1
7,2018-09-18,07:38:00,07:40:00,0 days 00:02:00.000000000,0,4,2,4,2,2,812,39,720,1,0,0,0
53,2018-05-25,06:22:00,07:07:00,0 days 00:45:00.000000000,0,3,2,7,2,2,776,50,724,7,0,1,1
12,2016-09-30,08:10:00,08:11:00,0 days 00:01:00.000000000,9,2,1,4,2,2,1,16,809,4,0,1,1
75,2018-09-18,07:19:00,07:23:00,0 days 00:04:00.000000000,0,4,2,4,2,2,880,16,843,7,0,1,1
23,2018-03-27,07:00:00,07:14:00,0 days 00:14:00.000000000,1,3,2,4,2,2,886,9,536,7,0,1,1
38,2017-10-05,06:21:00,06:22:00,0 days 00:01:00.000000000,0,3,2,4,2,4,372,24,178,7,0,1,1
15,2016-10-25,07:19:00,07:26:00,0 days 00:07:00.000000000,4,2,2,4,2,7,656,19,92,7,0,1,0
20,2016-02-05,07:28:00,07:30:00,0 days 00:02:00.000000000,10,1,2,9,2,2,822,50,941,7,1,1,1
75,2018-11-13,07:20:00,07:20:00,0 days 00:00:00.000000000,1,4,1,4,2,2,35,44,458,4,0,1,1
23,2018-12-07,07:34:00,07:44:00,0 days 00:10:00.000000000,9,4,2,8,2,3,191,10,678,7,0,1,1
17,2015-10-07,07:35:00,07:58:00,0 days 00:23:00.000000000,3,1,2,4,2,11,755,31,151,7,0,1,0
20,2016-03-02,07:44:00,07:49:00,0 days 00:05:00.000000000,10,1,1,4,2,2,29,16,60,4,0,1,1
25,2017-05-30,13:20:00,13:21:00,0 days 00:01:00.000000000,0,2,2,5,2,3,94,23,788,8,0,1,1
23,2018-10-10,15:25:00,15:26:00,0 days 00:01:00.000000000,2,4,2,4,2,2,849,16,830,9,0,1,1
38,2018-10-31,07:51:00,07:52:00,0 days 00:01:00.000000000,12,4,2,4,2,7,592,42,638,7,1,1,1
23,2018-04-12,06:59:00,07:01:00,0 days 00:02:00.000000000,0,3,2,4,2,4,552,50,707,7,1,1,1
15,2015-12-01,07:40:00,07:46:00,0 days 00:06:00.000000000,4,1,1,4,2,2,309,12,321,4,0,1,1
23,2019-02-01,07:19:00,07:20:00,0 days 00:01:00.000000000,0,4,1,4,2,2,1,16,797,4,0,1,1
15,2016-02-25,06:40:00,06:40:00,0 days 00:00:00.000000000,0,1,2,8,2,4,458,24,155,7,0,1,1
38,2018-01-09,07:59:00,08:01:00,0 days 00:02:00.000000000,3,3,2,4,2,4,378,37,261,7,0,1,0
53,2017-10-27,05:54:00,05:55:00,0 days 00:01:00.000000000,0,3,2,6,2,10,277,42,445,7,1,1,1
17,2016-04-11,07:38:00,07:38:00,0 days 00:00:00.000000000,4,1,2,4,2,11,761,31,310,7,0,0,0
45,2015-10-13,15:00:00,15:06:00,0 days 00:06:00.000000000,3,1,2,6,2,4,382,15,382,9,1,1,1
15,2017-01-13,08:27:00,08:28:00,0 days 00:01:00.000000000,1,2,2,4,2,10,264,42,126,7,1,1,1
23,2018-04-11,07:00:00,07:35:00,0 days 00:35:00.000000000,0,3,1,8,2,3,44,23,98,4,1,1,1
23,2018-02-05,06:00:00,08:06:00,0 days 02:06:00.000000000,0,3,1,4,2,7,41,20,612,4,1,1,1
75,2018-12-10,07:07:00,07:08:00,0 days 00:01:00.000000000,2,4,1,4,2,2,34,44,472,4,0,1,1
23,2017-11-15,07:17:00,07:20:00,0 days 00:03:00.000000000,0,3,2,4,2,7,624,42,253,7,1,1,1
40,2016-11-21,08:06:00,08:08:00,0 days 00:02:00.000000000,3,2,2,4,2,4,482,36,879,7,0,1,1
53,2018-04-17,07:48:00,07:51:00,0 days 00:03:00.000000000,8,3,1,7,2,2,28,16,819,4,0,1,1
38,2018-05-03,06:34:00,06:39:00,0 days 00:05:00.000000000,0,3,2,6,2,3,94,36,893,7,0,0,0
10,2015-10-23,07:23:00,07:23:00,0 days 00:00:00.000000000,2,1,2,4,2,9,730,7,273,7,0,1,1
15,2015-09-15,08:49:00,15:06:00,0 days 06:17:00.000000000,5,1,2,4,2,11,744,31,706,7,0,0,1
38,2018-03-16,07:00:00,07:27:00,0 days 00:27:00.000000000,0,3,2,7,2,7,566,27,633,7,0,1,1
38,2018-12-04,07:21:00,07:22:00,0 days 00:01:00.000000000,0,4,2,7,2,3,105,36,563,7,1,1,0
17,2015-10-21,05:57:00,05:58:00,0 days 00:01:00.000000000,0,1,2,4,2,3,172,9,442,1,0,1,0
10,2016-12-08,06:29:00,06:32:00,0 days 00:03:00.000000000,2,2,2,4,2,3,87,36,694,7,0,1,1
30,2015-11-25,06:40:00,06:41:00,0 days 00:01:00.000000000,3,1,2,4,2,4,342,24,208,7,0,1,1
15,2016-01-14,07:10:00,07:18:00,0 days 00:08:00.000000000,3,1,2,7,2,3,151,36,915,7,0,1,1
30,2016-10-21,07:29:00,07:30:00,0 days 00:01:00.000000000,7,2,1,4,2,2,31,16,811,4,0,1,1
53,2018-05-23,07:42:00,07:44:00,0 days 00:02:00.000000000,0,3,2,4,2,3,117,35,457,1,1,1,1
38,2017-09-15,14:41:00,14:43:00,0 days 00:02:00.000000000,0,3,2,7,2,3,221,22,615,3,0,1,0
38,2018-04-17,13:53:00,13:53:00,0 days 00:00:00.000000000,0,3,2,4,2,4,452,24,193,9,0,1,1
38,2018-05-24,14:22:00,14:22:00,0 days 00:00:00.000000000,0,3,2,4,2,4,400,24,237,9,0,1,1
17,2016-11-14,07:51:00,07:53:00,0 days 00:02:00.000000000,3,2,1,1,2,2,29,16,498,4,0,1,1
30,2016-10-06,06:40:00,06:41:00,0 days 00:01:00.000000000,0,2,1,4,2,2,1,16,797,4,0,1,1
38,2018-04-26,14:23:00,14:27:00,0 days 00:04:00.000000000,0,3,2,10,2,5,530,50,560,9,1,1,0
23,2018-10-24,08:05:00,08:06:00,0 days 00:01:00.000000000,0,4,2,4,2,9,706,39,742,1,0,1,0
10,2016-01-08,07:43:00,07:58:00,0 days 00:15:00.000000000,4,1,2,4,2,4,481,33,312,7,0,1,1
23,2019-02-06,07:45:00,07:46:00,0 days 00:01:00.000000000,2,4,1,4,2,2,32,16,607,4,0,1,1
53,2019-03-14,06:27:00,06:27:00,0 days 00:00:00.000000000,0,4,2,4,2,4,411,24,92,7,0,1,1
15,2016-12-20,07:47:00,07:49:00,0 days 00:02:00.000000000,1,2,2,4,2,10,294,42,129,7,1,1,1
45,2016-03-02,06:55:00,07:10:00,0 days 00:15:00.000000000,0,1,2,7,2,3,88,36,900,7,0,0,1
30,2017-02-01,07:45:00,07:46:00,0 days 00:01:00.000000000,3,2,1,4,2,2,15,16,598,4,0,1,1
53,2018-05-16,06:01:00,06:02:00,0 days 00:01:00.000000000,0,3,2,4,2,10,256,42,383,7,1,1,1
30,2016-12-09,07:26:00,07:26:00,0 days 00:00:00.000000000,7,2,1,4,2,2,29,16,13,4,0,1,1
23,2018-11-20,08:31:00,08:32:00,0 days 00:01:00.000000000,1,4,1,4,2,2,11,16,541,4,1,1,0
30,2016-02-09,06:02:00,06:03:00,0 days 00:01:00.000000000,0,1,2,4,2,4,377,42,572,7,1,1,1
10,2015-09-16,14:35:00,14:39:00,0 days 00:04:00.000000000,0,1,2,4,2,4,474,33,315,9,0,1,1
23,2019-03-12,14:20:00,14:22:00,0 days 00:02:00.000000000,0,4,2,6,2,4,493,46,245,1,0,0,0
38,2018-12-13,06:20:00,06:36:00,0 days 00:16:00.000000000,0,4,2,4,2,10,556,23,618,7,0,0,0
53,2018-04-19,06:42:00,06:42:00,0 days 00:00:00.000000000,0,3,2,4,2,7,593,42,626,7,1,1,1
7,2017-12-21,07:10:00,07:11:00,0 days 00:01:00.000000000,3,3,1,4,2,2,52,44,440,4,0,1,0
53,2017-12-18,07:10:00,07:14:00,0 days 00:04:00.000000000,3,3,2,4,2,4,353,42,448,7,1,1,1
10,2017-03-23,07:55:00,07:56:00,0 days 00:01:00.000000000,1,2,2,4,2,4,373,7,281,7,1,1,1
30,2016-06-06,07:03:00,07:04:00,0 days 00:01:00.000000000,0,1,2,4,2,7,567,27,746,7,0,1,1
40,2017-01-20,06:21:00,06:22:00,0 days 00:01:00.000000000,0,2,2,4,2,3,86,36,895,7,0,1,1
23,2018-03-22,07:00:00,07:02:00,0 days 00:02:00.000000000,0,3,2,4,2,4,319,24,161,7,0,1,1
38,2018-04-25,06:34:00,06:35:00,0 days 00:01:00.000000000,0,3,2,4,2,4,356,24,162,7,0,1,1
23,2018-10-04,06:34:00,06:36:00,0 days 00:02:00.000000000,0,4,2,4,2,7,692,19,287,7,0,1,1
7,2018-05-25,11:43:00,11:46:00,0 days 00:03:00.000000000,7,3,1,4,2,2,549,12,403,4,0,1,1
52,2015-11-19,07:00:00,07:03:00,0 days 00:03:00.000000000,0,1,2,7,2,4,329,46,335,1,1,1,0
7,2018-03-14,07:17:00,07:19:00,0 days 00:02:00.000000000,3,3,1,4,2,2,310,12,366,4,0,1,1
53,2018-10-19,14:20:00,14:25:00,0 days 00:05:00.000000000,0,4,2,4,2,5,543,27,765,9,0,1,0
30,2017-06-09,07:39:00,07:41:00,0 days 00:02:00.000000000,3,2,1,4,2,2,7,16,502,4,0,1,1
30,2016-01-22,14:01:00,14:02:00,0 days 00:01:00.000000000,0,1,2,4,2,7,569,27,764,9,0,1,1
23,2018-04-20,08:10:00,08:14:00,0 days 00:04:00.000000000,9,3,2,4,2,10,286,42,407,7,1,1,1
17,2016-12-12,07:45:00,07:50:00,0 days 00:05:00.000000000,5,2,2,7,2,4,369,11,293,7,1,0,1
38,2019-02-04,06:40:00,06:40:00,0 days 00:00:00.000000000,0,4,2,4,2,4,479,24,234,7,0,1,1
20,2016-09-19,06:10:00,06:16:00,0 days 00:06:00.000000000,0,2,2,10,2,10,949,12,854,7,1,1,1
38,2017-12-19,06:33:00,06:34:00,0 days 00:01:00.000000000,0,3,2,4,2,4,488,24,226,7,0,1,1
40,2015-09-25,07:13:00,07:23:00,0 days 00:10:00.000000000,2,1,2,7,2,3,76,36,877,7,0,1,1
38,2018-10-12,06:24:00,06:25:00,0 days 00:01:00.000000000,0,4,2,4,2,10,308,42,36,7,1,1,1
23,2019-02-13,06:45:00,06:46:00,0 days 00:01:00.000000000,2,4,2,4,2,7,679,14,263,1,0,1,1
25,2017-05-31,06:52:00,06:53:00,0 days 00:01:00.000000000,0,2,2,7,2,3,127,23,535,7,0,1,1
38,2018-10-24,14:13:00,14:14:00,0 days 00:01:00.000000000,0,4,2,5,2,3,74,36,216,9,0,1,0
38,2018-09-07,06:54:00,06:55:00,0 days 00:01:00.000000000,0,4,2,4,2,7,603,42,630,7,1,1,1
45,2017-03-28,07:28:00,07:29:00,0 days 00:01:00.000000000,4,2,2,4,2,3,167,36,886,7,0,1,1
23,2017-12-11,08:42:00,08:42:00,0 days 00:00:00.000000000,3,3,2,4,2,9,727,42,386,7,1,1,1
45,2017-01-06,15:34:00,15:48:00,0 days 00:14:00.000000000,12,2,1,7,2,3,37,23,613,4,1,1,1
20,2017-05-11,08:45:00,08:46:00,0 days 00:01:00.000000000,7,2,2,4,2,10,282,42,417,7,1,1,1
20,2017-05-16,07:30:00,07:31:00,0 days 00:01:00.000000000,0,2,1,4,2,2,33,16,801,4,0,1,1
60,2015-12-10,07:33:00,07:34:00,0 days 00:01:00.000000000,2,1,2,7,2,10,246,18,687,7,0,1,1
60,2017-03-15,07:26:00,07:27:00,0 days 00:01:00.000000000,0,2,2,9,2,2,827,39,45,7,0,1,0
25,2016-12-22,07:50:00,07:53:00,0 days 00:03:00.000000000,12,2,2,4,2,2,804,50,942,7,1,1,1
23,2017-12-22,08:14:00,08:18:00,0 days 00:04:00.000000000,8,3,2,4,2,7,594,42,616,7,1,1,1
38,2019-01-17,05:58:00,05:58:00,0 days 00:00:00.000000000,0,4,2,4,2,4,435,24,187,7,0,1,1
38,2017-12-07,15:44:00,15:45:00,0 days 00:01:00.000000000,0,3,2,4,2,7,683,39,375,1,0,1,0
10,2016-05-16,09:45:00,09:48:00,0 days 00:03:00.000000000,0,1,2,3,2,2,803,39,755,2,0,1,0
15,2015-10-09,07:10:00,08:32:00,0 days 01:22:00.000000000,3,1,2,4,2,10,581,1,111,7,1,1,1
75,2016-01-05,18:00:00,18:08:00,0 days 00:08:00.000000000,2,1,2,7,2,3,235,22,247,3,0,1,1
20,2017-05-23,13:30:00,13:31:00,0 days 00:01:00.000000000,0,2,2,5,2,3,223,9,464,3,0,1,0
25,2017-03-24,07:47:00,07:49:00,0 days 00:02:00.000000000,6,2,2,4,2,10,267,42,443,7,1,1,1
23,2019-03-01,06:31:00,06:32:00,0 days 00:01:00.000000000,0,4,2,5,2,3,243,7,273,7,0,1,1
23,2018-01-03,07:33:00,07:37:00,0 days 00:04:00.000000000,12,3,1,4,2,2,546,12,86,4,0,1,1
25,2015-11-12,08:21:00,08:27:00,0 days 00:06:00.000000000,10,1,1,4,2,2,32,16,5,4,1,1,1
38,2017-09-20,06:59:00,07:00:00,0 days 00:01:00.000000000,0,3,2,4,2,4,484,24,129,7,0,1,1
25,2017-01-04,07:46:00,07:47:00,0 days 00:01:00.000000000,6,2,2,4,2,9,723,42,350,7,1,1,1
25,2015-12-02,07:43:00,07:44:00,0 days 00:01:00.000000000,3,1,2,4,2,4,503,24,188,7,0,1,1
20,2016-04-04,08:20:00,08:24:00,0 days 00:04:00.000000000,10,1,1,4,2,2,11,16,548,4,0,1,1
7,2017-10-20,14:27:00,14:29:00,0 days 00:02:00.000000000,0,3,2,2,2,2,832,50,436,9,1,1,0
35,2017-01-04,06:19:00,06:20:00,0 days 00:01:00.000000000,0,2,2,4,2,3,87,36,881,7,0,0,0
75,2018-11-19,07:18:00,07:19:00,0 days 00:01:00.000000000,4,4,1,4,2,2,56,44,435,4,0,1,1
10,2016-05-06,07:35:00,07:48:00,0 days 00:13:00.000000000,8,1,2,4,2,7,651,19,93,7,1,1,1
23,2018-03-08,14:42:00,14:43:00,0 days 00:01:00.000000000,2,3,2,4,2,4,321,37,250,9,0,0,0
38,2017-12-18,05:30:00,06:05:00,0 days 00:35:00.000000000,0,3,2,4,2,7,291,48,923,7,1,0,1
53,2019-03-18,13:17:00,13:17:00,0 days 00:00:00.000000000,0,4,2,4,2,4,367,24,91,9,0,1,1
40,2017-04-28,14:40:00,14:50:00,0 days 00:10:00.000000000,4,2,2,5,2,3,124,36,883,9,0,1,1
17,2015-10-21,06:45:00,07:12:00,0 days 00:27:00.000000000,0,1,2,4,2,4,328,46,388,1,1,1,0
23,2017-12-01,08:00:00,08:49:00,0 days 00:49:00.000000000,0,3,1,4,2,3,47,23,681,4,1,1,1
38,2019-03-01,06:54:00,06:54:00,0 days 00:00:00.000000000,0,4,2,4,2,2,826,42,660,7,1,1,1
23,2017-10-26,02:35:00,14:36:00,0 days 12:01:00.000000000,0,3,2,4,2,7,681,19,209,9,0,1,1
38,2018-09-06,15:50:00,15:52:00,0 days 00:02:00.000000000,8,4,2,7,2,3,103,36,699,7,0,1,1
20,2015-11-10,07:54:00,07:55:00,0 days 00:01:00.000000000,5,1,2,4,2,5,542,27,774,7,0,0,1
38,2018-05-14,06:07:00,06:08:00,0 days 00:01:00.000000000,0,3,2,4,2,4,416,24,235,7,0,1,1
38,2018-06-01,07:05:00,07:06:00,0 days 00:01:00.000000000,0,3,2,4,2,7,614,41,741,1,0,0,0
10,2016-07-13,08:01:00,08:01:00,0 days 00:00:00.000000000,5,2,2,4,2,4,429,40,841,7,1,0,1
23,2017-12-13,06:20:00,06:28:00,0 days 00:08:00.000000000,0,3,2,10,2,7,290,48,922,7,0,0,1
23,2017-10-20,08:12:00,08:14:00,0 days 00:02:00.000000000,13,3,1,4,2,2,28,16,75,4,0,1,1
30,2017-06-22,13:52:00,13:54:00,0 days 00:02:00.000000000,0,2,2,6,2,2,818,50,391,9,1,1,1
23,2017-12-04,06:34:00,06:36:00,0 days 00:02:00.000000000,0,3,2,6,2,10,952,12,865,7,1,1,1
23,2017-10-18,05:36:00,05:38:00,0 days 00:02:00.000000000,0,3,2,6,2,3,201,41,738,1,0,0,0
75,2018-10-04,15:00:00,15:25:00,0 days 00:25:00.000000000,0,4,2,7,2,10,580,27,581,7,0,1,1
10,2016-01-07,14:56:00,15:03:00,0 days 00:07:00.000000000,4,1,1,4,2,2,15,16,508,4,0,1,1
75,2018-11-16,07:25:00,07:27:00,0 days 00:02:00.000000000,0,4,2,6,2,3,251,23,665,7,0,1,1
17,2017-05-25,07:20:00,07:27:00,0 days 00:07:00.000000000,5,2,2,7,2,2,830,9,109,7,1,1,1
30,2015-12-08,12:00:00,12:40:00,0 days 00:40:00.000000000,2,1,1,7,2,3,16,45,9,4,0,1,0
38,2017-12-08,14:31:00,14:34:00,0 days 00:03:00.000000000,0,3,2,4,2,7,561,27,773,9,0,1,1
53,2017-09-11,06:16:00,06:17:00,0 days 00:01:00.000000000,0,3,2,4,2,4,363,42,426,7,1,1,1
45,2017-07-11,07:10:00,07:17:00,0 days 00:07:00.000000000,5,3,2,8,2,3,124,5,380,7,0,1,1
23,2018-12-18,09:21:00,09:23:00,0 days 00:02:00.000000000,0,4,2,4,2,2,806,39,731,1,0,1,0
30,2016-05-10,13:06:00,13:06:00,0 days 00:00:00.000000000,0,1,2,5,2,2,888,19,15,9,1,1,1
20,2017-06-27,06:20:00,06:28:00,0 days 00:08:00.000000000,0,2,2,9,2,7,647,19,113,7,0,1,1
12,2017-05-22,07:50:00,07:49:00,-1 days +23:59:00.000000000,0,2,2,4,2,2,843,16,837,7,0,1,0
25,2017-04-27,06:33:00,06:34:00,0 days 00:01:00.000000000,0,2,2,4,2,4,499,24,202,7,0,1,1
23,2018-10-03,06:15:00,06:25:00,0 days 00:10:00.000000000,0,4,1,4,2,2,739,12,86,4,0,1,1
38,2018-03-06,07:45:00,07:45:00,0 days 00:00:00.000000000,0,3,2,4,2,4,473,24,236,7,0,1,1
17,2016-12-15,07:55:00,07:56:00,0 days 00:01:00.000000000,8,2,1,7,2,3,44,23,784,4,1,1,1
30,2017-04-04,07:00:00,07:09:00,0 days 00:09:00.000000000,0,2,2,4,2,4,486,15,825,7,1,1,1
10,2017-05-02,08:04:00,08:08:00,0 days 00:04:00.000000000,15,2,1,4,2,2,29,16,799,4,0,1,1
25,2015-11-23,07:44:00,07:49:00,0 days 00:05:00.000000000,12,1,2,4,2,3,176,42,305,7,1,1,1
53,2018-10-30,08:50:00,09:09:00,0 days 00:19:00.000000000,3,4,2,4,2,4,475,24,279,7,0,1,1
20,2017-04-06,06:30:00,06:59:00,0 days 00:29:00.000000000,0,2,2,4,2,2,906,26,189,7,0,1,1
25,2017-05-22,08:05:00,08:20:00,0 days 00:15:00.000000000,5,2,1,4,2,3,733,15,81,4,1,1,1
23,2019-02-26,14:30:00,15:50:00,0 days 01:20:00.000000000,0,4,2,7,2,3,257,3,3,9,0,0,0
23,2017-11-20,07:00:00,08:16:00,0 days 01:16:00.000000000,0,3,1,7,2,3,22,23,600,4,1,1,1
30,2017-03-30,14:20:00,14:24:00,0 days 00:04:00.000000000,0,2,2,4,2,3,84,36,211,9,0,1,1
15,2016-11-01,06:10:00,06:33:00,0 days 00:23:00.000000000,0,2,2,7,2,3,207,5,490,1,0,1,0
75,2019-01-31,08:25:00,08:42:00,0 days 00:17:00.000000000,0,4,2,6,2,3,143,46,355,1,0,1,0
38,2018-11-20,11:33:00,11:35:00,0 days 00:02:00.000000000,0,4,2,4,2,4,502,24,222,7,0,1,0
38,2019-04-02,05:49:00,05:51:00,0 days 00:02:00.000000000,0,4,2,3,2,10,271,42,125,7,1,1,1
25,2017-04-27,07:47:00,07:51:00,0 days 00:04:00.000000000,6,2,2,4,2,2,911,26,648,7,0,1,1
23,2017-12-08,14:00:00,14:45:00,0 days 00:45:00.000000000,0,3,2,5,2,2,904,17,505,2,0,1,1
40,2017-05-16,15:30:00,15:32:00,0 days 00:02:00.000000000,1,2,2,4,2,4,463,37,265,9,0,0,0
30,2016-02-26,05:53:00,05:58:00,0 days 00:05:00.000000000,0,1,2,10,2,2,926,12,862,7,1,1,1
38,2018-10-15,06:45:00,06:46:00,0 days 00:01:00.000000000,0,4,2,7,2,7,608,5,432,7,0,1,1
30,2016-09-29,06:50:00,06:51:00,0 days 00:01:00.000000000,2,2,2,4,2,4,456,24,190,7,0,1,1
38,2018-05-15,14:00:00,14:08:00,0 days 00:08:00.000000000,0,3,2,4,2,10,560,27,623,9,0,1,1
20,2015-10-06,08:10:00,08:18:00,0 days 00:08:00.000000000,3,1,2,4,2,11,745,31,117,7,0,1,1
25,2016-03-02,13:46:00,13:55:00,0 days 00:09:00.000000000,0,1,2,3,2,3,94,36,747,9,0,1,1
5,2015-11-04,08:38:00,08:40:00,0 days 00:02:00.000000000,1,1,1,4,2,2,29,16,869,4,0,1,1
7,2017-09-27,07:40:00,07:41:00,0 days 00:01:00.000000000,0,3,2,4,2,9,708,39,507,1,0,1,0
53,2019-01-09,06:25:00,06:26:00,0 days 00:01:00.000000000,0,4,2,4,2,4,415,24,153,7,0,1,1
7,2018-04-19,06:12:00,06:13:00,0 days 00:01:00.000000000,0,3,2,4,2,2,820,39,669,7,0,1,0
12,2017-01-05,07:18:00,07:22:00,0 days 00:04:00.000000000,3,2,2,6,2,2,791,39,676,1,0,1,0
38,2018-11-06,06:57:00,06:59:00,0 days 00:02:00.000000000,0,4,2,4,2,4,413,24,127,7,0,1,1
23,2018-01-11,06:27:00,06:30:00,0 days 00:03:00.000000000,0,3,2,4,2,9,726,39,666,7,0,1,0
53,2018-10-16,07:15:00,08:27:00,0 days 01:12:00.000000000,0,4,2,1,2,4,467,41,789,1,1,1,0
38,2019-01-11,06:11:00,06:21:00,0 days 00:10:00.000000000,0,4,2,6,2,3,206,9,545,7,0,1,1
20,2016-04-21,06:44:00,06:45:00,0 days 00:01:00.000000000,2,1,2,4,2,4,393,24,191,7,0,1,1
17,2016-12-05,06:33:00,06:36:00,0 days 00:03:00.000000000,0,2,2,4,2,2,825,39,21,7,0,1,0
15,2016-07-22,07:39:00,07:41:00,0 days 00:02:00.000000000,4,2,2,4,2,4,423,19,112,7,1,1,1
20,2017-04-06,07:17:00,07:18:00,0 days 00:01:00.000000000,4,2,2,4,2,4,471,24,208,7,0,1,1
20,2016-02-09,07:21:00,07:22:00,0 days 00:01:00.000000000,1,1,1,4,2,2,8,16,329,4,0,1,1
38,2019-02-07,08:37:00,08:38:00,0 days 00:01:00.000000000,15,4,1,4,2,2,32,16,814,4,1,1,1
38,2019-02-13,16:07:00,16:10:00,0 days 00:03:00.000000000,0,4,2,4,2,3,193,51,157,9,0,1,0
35,2016-04-13,19:54:00,14:27:00,-1 days +18:33:00.000000000,0,1,2,5,2,2,913,17,339,1,0,1,1
10,2017-03-03,07:40:00,07:47:00,0 days 00:07:00.000000000,11,2,1,4,2,2,62,6,411,4,0,1,1
10,2016-03-17,07:15:00,07:17:00,0 days 00:02:00.000000000,4,1,2,4,2,7,239,7,272,7,1,1,1
30,2016-09-19,15:23:00,15:26:00,0 days 00:03:00.000000000,5,2,1,4,2,2,29,16,75,4,0,1,1
45,2016-05-18,06:48:00,06:53:00,0 days 00:05:00.000000000,0,1,2,4,2,9,698,39,816,7,0,1,0
30,2017-03-28,07:59:00,08:02:00,0 days 00:03:00.000000000,8,2,1,4,2,2,15,16,509,4,0,1,1
60,2017-04-04,06:36:00,06:37:00,0 days 00:01:00.000000000,0,2,2,6,2,5,533,47,210,7,1,1,1
15,2017-03-08,08:16:00,08:25:00,0 days 00:09:00.000000000,7,2,2,4,2,7,667,42,595,7,1,1,1
10,2017-05-03,07:29:00,07:30:00,0 days 00:01:00.000000000,9,2,2,4,2,2,815,50,939,7,1,1,1
23,2018-04-13,07:00:00,07:15:00,0 days 00:15:00.000000000,3,3,1,4,2,2,366,38,119,4,0,0,0
53,2017-10-31,06:44:00,06:48:00,0 days 00:04:00.000000000,0,3,2,7,2,3,222,51,129,7,0,1,0
30,2017-01-18,07:04:00,07:09:00,0 days 00:05:00.000000000,0,2,2,7,2,3,106,23,526,7,0,1,1
12,2017-05-26,06:24:00,06:27:00,0 days 00:03:00.000000000,0,2,2,7,2,2,785,39,48,7,0,1,0
53,2018-06-06,14:16:00,14:18:00,0 days 00:02:00.000000000,0,3,2,5,2,7,605,42,636,7,1,0,1
30,2016-04-18,07:25:00,07:45:00,0 days 00:20:00.000000000,12,1,1,6,2,3,42,23,712,4,1,1,1
38,2017-09-15,14:30:00,14:33:00,0 days 00:03:00.000000000,0,3,2,4,2,4,344,24,191,9,0,1,1
20,2017-04-05,07:39:00,07:39:00,0 days 00:00:00.000000000,6,2,2,4,2,4,347,24,173,7,0,1,1
53,2018-05-14,07:10:00,07:44:00,0 days 00:34:00.000000000,0,3,2,6,2,7,664,29,769,7,0,0,1
38,2017-12-22,06:31:00,06:32:00,0 days 00:01:00.000000000,0,3,2,6,2,3,108,36,364,7,0,1,0
20,2015-12-09,06:39:00,06:39:00,0 days 00:00:00.000000000,3,1,2,4,2,4,418,24,184,7,0,1,1
23,2018-01-02,06:40:00,07:46:00,0 days 01:06:00.000000000,0,3,2,4,2,2,795,17,387,1,0,1,1
7,2017-10-02,07:59:00,08:02:00,0 days 00:03:00.000000000,3,3,2,4,2,10,928,12,848,7,1,1,1
38,2018-12-03,13:36:00,13:41:00,0 days 00:05:00.000000000,1,4,2,4,2,4,461,24,193,9,0,1,1
30,2015-11-23,07:40:00,07:55:00,0 days 00:15:00.000000000,12,1,1,7,2,3,38,23,482,4,0,1,1
38,2018-09-06,07:26:00,07:33:00,0 days 00:07:00.000000000,3,4,2,4,2,7,582,34,695,7,0,1,0
20,2016-03-03,06:35:00,06:53:00,0 days 00:18:00.000000000,0,1,2,6,2,3,134,9,241,1,0,1,0
7,2018-04-30,14:00:00,15:10:00,0 days 01:10:00.000000000,0,3,2,3,2,2,884,19,12,9,0,1,1
30,2017-01-11,06:17:00,06:19:00,0 days 00:02:00.000000000,0,2,2,4,2,3,90,36,916,7,0,1,1
30,2016-03-15,07:12:00,07:13:00,0 days 00:01:00.000000000,0,1,2,4,2,7,263,29,625,7,0,1,1
38,2018-12-18,07:59:00,08:00:00,0 days 00:01:00.000000000,6,4,2,4,2,4,362,42,568,7,1,1,1
38,2018-12-20,08:00:00,08:02:00,0 days 00:02:00.000000000,3,4,2,4,2,9,719,42,466,7,1,1,1
23,2018-03-26,07:30:00,08:13:00,0 days 00:43:00.000000000,6,3,1,7,2,2,736,38,920,4,1,1,1
30,2016-12-19,07:27:00,07:25:00,-1 days +23:58:00.000000000,3,2,2,7,2,4,476,18,653,7,0,1,1
60,2016-06-16,06:40:00,06:42:00,0 days 00:02:00.000000000,0,1,2,7,2,3,116,27,501,1,0,1,1
38,2018-09-28,06:35:00,06:45:00,0 days 00:10:00.000000000,2,4,2,7,2,3,141,9,243,7,0,1,1
75,2018-12-13,07:24:00,07:25:00,0 days 00:01:00.000000000,3,4,1,4,2,2,66,44,459,4,0,1,1
20,2017-05-25,06:53:00,06:55:00,0 days 00:02:00.000000000,4,2,2,4,2,3,245,7,283,7,1,1,1
20,2016-05-27,07:00:00,07:10:00,0 days 00:10:00.000000000,3,1,2,4,2,3,75,36,906,7,0,1,1
38,2018-10-01,07:15:00,07:21:00,0 days 00:06:00.000000000,0,4,2,7,2,2,784,9,29,7,0,1,1
23,2018-02-28,06:55:00,06:56:00,0 days 00:01:00.000000000,0,3,2,6,2,4,320,18,823,7,0,1,1
20,2016-04-13,14:03:00,14:03:00,0 days 00:00:00.000000000,0,1,2,4,2,4,469,24,294,9,0,1,1
40,2017-04-21,06:54:00,06:59:00,0 days 00:05:00.000000000,8,2,2,7,2,3,107,36,896,7,0,1,1
23,2018-11-19,07:35:00,07:35:00,0 days 00:00:00.000000000,3,4,2,4,2,2,924,39,597,7,0,1,0
20,2017-04-20,08:00:00,08:14:00,0 days 00:14:00.000000000,7,2,2,4,2,10,941,12,859,7,1,1,0
30,2017-07-24,07:48:00,07:49:00,0 days 00:01:00.000000000,0,3,2,4,2,4,445,40,120,7,0,1,1
30,2017-05-09,13:00:00,13:07:00,0 days 00:07:00.000000000,0,2,2,5,2,7,696,40,264,3,1,1,1
30,2015-09-30,06:10:00,06:13:00,0 days 00:03:00.000000000,0,1,2,4,2,3,110,22,365,1,0,1,0
7,2018-09-05,15:20:00,15:33:00,0 days 00:13:00.000000000,0,4,2,2,2,3,237,9,313,1,0,1,0
23,2018-05-21,07:30:00,07:39:00,0 days 00:09:00.000000000,0,3,2,6,2,4,331,46,452,1,0,1,1
23,2019-02-25,07:40:00,07:46:00,0 days 00:06:00.000000000,2,4,2,4,2,2,764,11,239,7,0,1,1
15,2016-09-13,08:01:00,08:02:00,0 days 00:01:00.000000000,5,2,2,4,2,11,748,31,19,7,0,0,0
45,2017-03-15,06:50:00,07:00:00,0 days 00:10:00.000000000,3,2,2,9,2,3,112,5,352,1,0,1,1
53,2018-12-03,13:43:00,13:43:00,0 days 00:00:00.000000000,0,4,2,4,2,4,411,24,92,9,0,1,1
75,2019-03-28,14:05:00,14:11:00,0 days 00:06:00.000000000,0,4,2,7,2,4,933,16,845,9,0,1,1
5,2017-05-30,07:56:00,07:59:00,0 days 00:03:00.000000000,11,2,1,4,2,2,29,16,796,4,0,1,1
23,2018-03-08,07:44:00,07:45:00,0 days 00:01:00.000000000,3,3,2,4,2,7,560,27,763,7,0,1,1
75,2019-03-28,06:45:00,07:16:00,0 days 00:31:00.000000000,0,4,2,4,2,7,631,29,587,7,0,0,0
23,2018-06-08,06:59:00,07:09:00,0 days 00:10:00.000000000,0,3,2,7,2,7,579,27,510,7,0,1,1
53,2019-01-03,06:29:00,06:31:00,0 days 00:02:00.000000000,0,4,2,7,2,3,95,36,369,7,1,1,1
38,2017-11-15,07:03:00,07:03:00,0 days 00:00:00.000000000,0,3,2,4,2,4,507,24,172,7,0,1,1
38,2017-10-30,07:16:00,07:16:00,0 days 00:00:00.000000000,0,3,2,4,2,4,511,24,144,7,0,1,1
38,2018-09-26,06:02:00,06:05:00,0 days 00:03:00.000000000,0,4,2,4,2,3,281,42,73,7,1,1,1
45,2016-04-22,06:30:00,06:43:00,0 days 00:13:00.000000000,0,1,2,10,2,3,98,36,899,7,0,1,1
53,2018-05-16,06:07:00,06:08:00,0 days 00:01:00.000000000,0,3,2,4,2,8,735,42,126,7,1,1,1
30,2017-06-20,14:11:00,14:12:00,0 days 00:01:00.000000000,0,2,2,4,2,4,376,24,141,9,0,1,1
23,2018-03-13,07:41:00,07:42:00,0 days 00:01:00.000000000,5,3,2,4,2,3,244,7,282,7,1,1,1
25,2015-11-17,07:00:00,07:08:00,0 days 00:08:00.000000000,2,1,2,7,2,3,80,36,885,7,0,1,1
20,2016-11-07,07:51:00,07:52:00,0 days 00:01:00.000000000,10,2,2,4,2,4,391,24,163,7,0,1,1
23,2017-12-07,08:03:00,08:05:00,0 days 00:02:00.000000000,6,3,1,4,2,2,544,12,406,4,0,0,0
25,2015-11-30,07:19:00,07:20:00,0 days 00:01:00.000000000,2,1,2,7,2,2,856,26,768,7,0,1,1
23,2017-12-19,07:58:00,08:00:00,0 days 00:02:00.000000000,4,3,2,4,2,4,422,42,444,7,1,1,1
25,2017-01-19,07:41:00,07:44:00,0 days 00:03:00.000000000,7,2,2,4,2,3,126,36,904,7,0,1,1
20,2016-04-06,07:13:00,07:13:00,0 days 00:00:00.000000000,1,1,1,4,2,2,9,16,500,4,0,1,1
38,2018-11-08,01:10:00,13:11:00,0 days 12:01:00.000000000,1,4,2,4,2,4,513,24,196,9,0,1,1
30,2016-01-04,07:48:00,07:49:00,0 days 00:01:00.000000000,5,1,1,7,2,2,1,16,806,4,0,1,1
38,2018-04-09,06:58:00,06:59:00,0 days 00:01:00.000000000,0,3,2,4,2,4,453,24,276,7,0,1,1
30,2016-12-05,07:55:00,08:13:00,0 days 00:18:00.000000000,2,2,2,4,2,10,946,40,301,7,0,0,0
53,2018-11-28,06:06:00,06:07:00,0 days 00:01:00.000000000,0,4,2,4,2,4,360,24,39,7,0,1,1
20,2017-06-16,14:31:00,14:33:00,0 days 00:02:00.000000000,0,2,2,4,2,7,615,15,150,9,1,1,1
75,2018-06-01,05:50:00,06:03:00,0 days 00:13:00.000000000,0,3,1,7,2,3,43,23,104,4,1,1,1
15,2016-03-16,07:50:00,07:57:00,0 days 00:07:00.000000000,9,1,2,7,2,3,81,36,911,7,0,1,1
30,2017-03-06,12:45:00,12:47:00,0 days 00:02:00.000000000,1,2,2,7,2,2,883,19,449,9,0,1,1
25,2016-12-19,07:52:00,07:53:00,0 days 00:01:00.000000000,6,2,2,4,2,9,728,42,314,7,1,1,1
75,2018-10-10,07:20:00,07:21:00,0 days 00:01:00.000000000,3,4,1,4,2,2,57,44,103,4,0,1,1
38,2018-10-17,07:34:00,07:35:00,0 days 00:01:00.000000000,2,4,2,4,2,4,339,37,255,7,0,1,0
30,2017-07-11,07:59:00,08:01:00,0 days 00:02:00.000000000,6,3,1,4,2,2,31,16,811,4,0,1,1
30,2017-06-07,08:43:00,08:43:00,0 days 00:00:00.000000000,0,2,2,4,2,4,340,24,134,7,0,1,1
23,2017-09-07,06:42:00,06:43:00,0 days 00:01:00.000000000,0,3,2,4,2,7,628,42,337,7,1,1,1
7,2019-03-19,06:52:00,06:53:00,0 days 00:01:00.000000000,0,4,2,4,2,4,375,19,254,7,0,1,1
12,2016-06-16,06:14:00,06:16:00,0 days 00:02:00.000000000,0,1,2,4,2,2,805,39,691,1,0,1,0
53,2018-01-30,07:15:00,07:16:00,0 days 00:01:00.000000000,5,3,2,4,2,9,729,42,158,7,1,1,1
53,2018-01-22,07:08:00,07:27:00,0 days 00:19:00.000000000,0,3,2,7,2,4,311,18,872,7,0,1,1
30,2016-10-21,07:19:00,07:20:00,0 days 00:01:00.000000000,3,2,2,4,2,3,197,42,554,7,1,1,1
15,2015-09-09,07:08:00,07:15:00,0 days 00:07:00.000000000,3,1,2,4,2,2,836,39,671,7,0,1,0
25,2015-12-14,07:38:00,07:42:00,0 days 00:04:00.000000000,4,1,2,4,2,6,70,42,483,7,1,1,0
7,2018-01-30,07:45:00,07:47:00,0 days 00:02:00.000000000,12,3,1,4,2,2,29,16,803,4,0,0,0
20,2016-05-05,07:46:00,07:46:00,0 days 00:00:00.000000000,2,1,1,4,2,2,10,16,803,4,0,1,1
30,2017-07-17,07:36:00,07:39:00,0 days 00:03:00.000000000,3,3,2,4,2,10,927,40,519,7,1,1,1
53,2018-05-03,06:42:00,06:44:00,0 days 00:02:00.000000000,0,3,2,7,2,3,610,36,889,7,0,0,0
53,2018-05-15,08:05:00,08:06:00,0 days 00:01:00.000000000,5,3,2,4,2,5,536,47,873,7,1,1,1
35,2017-06-14,13:55:00,14:10:00,0 days 00:15:00.000000000,0,2,2,6,2,3,122,36,917,9,0,1,1
53,2019-02-11,07:00:00,07:04:00,0 days 00:04:00.000000000,0,4,2,4,2,4,333,46,441,1,0,1,0
53,2018-10-18,13:52:00,13:52:00,0 days 00:00:00.000000000,0,4,2,4,2,4,417,24,191,9,0,1,1
38,2018-10-15,06:51:00,06:52:00,0 days 00:01:00.000000000,0,4,2,4,2,4,449,24,171,7,0,1,1
53,2019-01-08,06:30:00,06:56:00,0 days 00:26:00.000000000,1,4,1,7,2,3,17,23,682,4,1,1,1
45,2016-07-29,06:58:00,07:00:00,0 days 00:02:00.000000000,0,2,2,4,2,4,439,19,132,7,0,1,1
20,2015-11-17,13:45:00,13:49:00,0 days 00:04:00.000000000,0,1,1,4,2,2,11,16,781,4,0,1,1
38,2018-04-25,14:06:00,14:10:00,0 days 00:04:00.000000000,0,3,2,4,2,10,285,42,921,9,1,1,1
53,2018-06-11,07:35:00,07:36:00,0 days 00:01:00.000000000,0,3,2,4,2,4,349,42,408,7,1,1,1
20,2017-03-31,06:29:00,06:30:00,0 days 00:01:00.000000000,0,2,2,4,2,4,424,24,90,7,0,1,1
25,2016-02-09,06:36:00,06:38:00,0 days 00:02:00.000000000,0,1,2,4,2,9,731,39,78,7,0,1,0
35,2017-03-08,07:55:00,07:56:00,0 days 00:01:00.000000000,4,2,2,4,2,4,434,24,154,7,0,1,1
45,2015-09-18,07:46:00,07:56:00,0 days 00:10:00.000000000,1,1,2,4,2,4,470,15,130,7,1,1,1
30,2017-07-03,07:43:00,07:44:00,0 days 00:01:00.000000000,4,3,2,4,2,4,316,42,34,7,1,1,1
7,2019-01-08,06:29:00,06:30:00,0 days 00:01:00.000000000,5,4,2,4,2,2,797,39,362,1,0,1,0
15,2016-05-17,07:54:00,07:57:00,0 days 00:03:00.000000000,0,1,2,4,2,9,699,39,790,7,0,1,0
15,2016-11-14,06:19:00,06:21:00,0 days 00:02:00.000000000,0,2,2,4,2,2,837,39,207,7,0,1,0
15,2017-06-14,07:00:00,07:03:00,0 days 00:03:00.000000000,3,2,2,4,2,3,187,42,438,7,1,1,1
30,2015-09-17,07:57:00,08:02:00,0 days 00:05:00.000000000,5,1,2,6,2,4,464,15,145,7,1,1,1
15,2015-10-05,06:50:00,07:00:00,0 days 00:10:00.000000000,1,1,2,7,2,2,836,39,671,7,0,1,0
38,2018-02-12,06:45:00,06:46:00,0 days 00:01:00.000000000,0,3,2,7,2,3,113,5,357,1,0,1,1
53,2019-01-15,06:16:00,06:17:00,0 days 00:01:00.000000000,0,4,2,4,2,4,426,24,240,7,0,1,1
38,2019-03-26,13:51:00,13:52:00,0 days 00:01:00.000000000,0,4,2,4,2,4,372,24,236,9,0,1,1
25,2016-11-01,07:54:00,07:56:00,0 days 00:02:00.000000000,1,2,2,4,2,7,604,42,652,7,1,1,1
23,2019-01-18,06:33:00,06:33:00,0 days 00:00:00.000000000,0,4,2,4,2,4,523,24,70,7,0,1,1
23,2017-10-19,08:05:00,08:06:00,0 days 00:01:00.000000000,0,3,2,4,2,9,701,39,753,1,0,1,0
20,2015-10-21,06:26:00,06:26:00,0 days 00:00:00.000000000,1,1,2,4,2,4,433,24,161,7,0,1,1
37,2015-12-02,07:00:00,07:11:00,0 days 00:11:00.000000000,0,1,2,7,2,3,199,9,3,7,0,1,1
23,2018-10-03,14:45:00,14:58:00,0 days 00:13:00.000000000,0,4,2,4,2,3,229,46,378,3,0,1,0
7,2017-12-07,08:07:00,08:08:00,0 days 00:01:00.000000000,0,3,2,4,2,9,716,39,296,1,0,1,0
53,2017-09-13,06:27:00,06:29:00,0 days 00:02:00.000000000,0,3,2,4,2,10,274,42,574,7,1,1,1
30,2017-01-10,13:22:00,13:24:00,0 days 00:02:00.000000000,0,2,2,5,2,3,231,3,385,3,0,1,0
20,2016-03-15,07:38:00,07:40:00,0 days 00:02:00.000000000,5,1,2,4,2,2,887,19,449,7,1,1,1
15,2015-09-25,07:52:00,08:02:00,0 days 00:10:00.000000000,11,1,2,8,2,7,656,43,943,7,0,0,0
7,2018-05-01,07:51:00,07:52:00,0 days 00:01:00.000000000,5,3,2,4,2,2,894,39,929,1,0,0,0
38,2018-06-18,06:21:00,06:22:00,0 days 00:01:00.000000000,0,3,2,4,2,4,387,24,231,7,0,1,1
38,2018-05-16,13:52:00,13:54:00,0 days 00:02:00.000000000,0,3,1,4,2,2,2,16,744,4,0,1,1
38,2019-02-27,07:05:00,07:16:00,0 days 00:11:00.000000000,5,4,1,7,2,2,51,38,115,4,1,1,1
15,2016-07-28,07:52:00,07:55:00,0 days 00:03:00.000000000,11,2,1,4,2,2,15,16,503,4,0,1,1
38,2017-11-14,12:12:00,13:55:00,0 days 01:43:00.000000000,0,3,2,7,2,3,226,9,303,3,0,1,0
53,2017-09-20,07:53:00,07:56:00,0 days 00:03:00.000000000,3,3,2,4,2,4,407,42,69,7,1,1,1
15,2016-04-14,07:54:00,07:57:00,0 days 00:03:00.000000000,4,1,2,4,2,10,279,42,413,7,1,1,1
40,2017-01-06,06:10:00,06:26:00,0 days 00:16:00.000000000,0,2,1,7,2,3,25,32,783,4,1,1,1
38,2018-04-23,07:52:00,07:52:00,0 days 00:00:00.000000000,0,3,2,4,2,4,388,24,183,7,0,1,1
40,2016-07-26,07:07:00,07:08:00,0 days 00:01:00.000000000,1,2,2,4,2,4,455,19,190,7,0,1,1
38,2018-12-20,07:00:00,07:09:00,0 days 00:09:00.000000000,0,4,2,7,2,3,173,9,463,1,0,1,0
38,2019-01-29,07:10:00,07:11:00,0 days 00:01:00.000000000,0,4,2,4,2,4,364,24,201,7,0,1,1
38,2018-03-05,06:33:00,06:34:00,0 days 00:01:00.000000000,0,3,2,4,2,3,152,23,531,7,0,1,1
20,2017-05-03,14:00:00,14:11:00,0 days 00:11:00.000000000,0,2,2,5,2,2,833,50,392,9,1,1,1
30,2016-01-05,15:08:00,15:12:00,0 days 00:04:00.000000000,0,1,2,9,2,7,576,27,221,9,0,1,1
38,2018-09-28,14:09:00,14:09:00,0 days 00:00:00.000000000,0,4,2,4,2,4,431,24,290,9,0,1,1
38,2018-04-25,06:39:00,06:41:00,0 days 00:02:00.000000000,0,3,2,4,2,4,403,24,225,7,0,1,1
53,2017-09-13,05:57:00,05:58:00,0 days 00:01:00.000000000,0,3,2,1,2,10,255,42,421,7,1,1,1
30,2017-06-23,07:37:00,07:40:00,0 days 00:03:00.000000000,10,2,1,4,2,2,29,16,803,4,0,1,1
23,2018-04-23,07:44:00,07:45:00,0 days 00:01:00.000000000,0,3,2,4,2,4,465,42,33,7,1,1,1
23,2018-12-11,16:29:00,16:35:00,0 days 00:06:00.000000000,0,4,2,7,2,11,741,4,824,7,0,1,1
53,2019-02-11,06:30:00,06:33:00,0 days 00:03:00.000000000,0,4,2,6,2,4,327,15,177,7,1,1,1
7,2018-10-15,06:27:00,06:31:00,0 days 00:04:00.000000000,0,4,2,6,2,4,337,46,453,1,0,1,0
20,2016-02-02,06:19:00,06:53:00,0 days 00:34:00.000000000,0,1,2,6,2,3,146,9,419,1,0,1,0
23,2019-04-03,07:10:00,07:19:00,0 days 00:09:00.000000000,1,4,2,4,2,3,93,5,320,7,0,1,1
20,2016-05-03,07:54:00,07:55:00,0 days 00:01:00.000000000,7,1,2,4,2,4,431,24,186,7,0,1,1
15,2016-02-01,18:50:00,06:56:00,-1 days +12:06:00.000000000,0,1,2,4,2,7,627,41,732,1,0,1,0
38,2018-09-14,14:07:00,14:07:00,0 days 00:00:00.000000000,0,4,2,4,2,4,420,24,164,9,0,1,1
25,2017-07-27,07:52:00,07:54:00,0 days 00:02:00.000000000,2,3,2,7,2,2,947,27,169,7,0,1,1
38,2018-11-08,06:40:00,06:45:00,0 days 00:05:00.000000000,0,4,2,4,2,7,607,5,331,7,0,0,0
30,2016-11-29,14:12:00,14:12:00,0 days 00:00:00.000000000,0,2,2,9,2,7,694,41,721,3,0,1,0
17,2017-02-15,08:45:00,09:09:00,0 days 00:24:00.000000000,2,2,1,4,2,2,12,16,819,4,0,0,1
23,2018-10-09,06:47:00,06:47:00,0 days 00:00:00.000000000,0,4,2,6,2,3,156,23,524,7,0,1,1
30,2015-11-05,06:50:00,06:55:00,0 days 00:05:00.000000000,0,1,2,4,2,9,730,7,273,7,0,1,1
38,2019-01-14,06:30:00,07:09:00,0 days 00:39:00.000000000,0,4,2,7,2,3,102,36,484,7,1,1,1
30,2015-09-30,07:00:00,07:17:00,0 days 00:17:00.000000000,4,1,2,7,2,3,101,36,918,7,0,1,1
23,2018-11-27,07:42:00,07:45:00,0 days 00:03:00.000000000,11,4,2,8,2,3,177,10,481,7,0,1,1
25,2017-03-10,07:19:00,07:20:00,0 days 00:01:00.000000000,0,2,2,7,2,3,133,23,527,7,0,1,1
53,2017-10-25,07:49:00,07:51:00,0 days 00:02:00.000000000,0,3,2,4,2,4,354,42,42,7,1,1,1
53,2017-10-30,08:48:00,08:49:00,0 days 00:01:00.000000000,1,3,2,4,2,10,299,42,494,7,1,1,1
7,2019-01-24,07:04:00,07:08:00,0 days 00:04:00.000000000,0,4,2,6,2,2,802,39,674,1,0,0,0
38,2018-11-08,06:30:00,06:46:00,0 days 00:16:00.000000000,0,4,2,7,2,3,83,36,748,7,0,0,0
12,2017-04-04,06:55:00,06:59:00,0 days 00:04:00.000000000,2,2,2,4,2,2,895,39,733,1,0,1,0
15,2015-11-03,16:05:00,16:07:00,0 days 00:02:00.000000000,0,1,2,4,2,6,71,42,40,9,1,1,1
35,2015-11-16,06:30:00,07:13:00,0 days 00:43:00.000000000,0,1,2,4,2,7,655,29,100,7,0,1,0
53,2018-01-05,06:02:00,06:03:00,0 days 00:01:00.000000000,0,3,2,9,2,3,214,41,46,1,0,0,0
23,2017-10-13,07:27:00,07:28:00,0 days 00:01:00.000000000,0,3,2,4,2,7,650,29,59,7,0,1,1
23,2018-11-02,07:35:00,07:43:00,0 days 00:08:00.000000000,3,4,2,4,2,4,478,11,754,7,0,1,1
38,2019-02-12,06:30:00,06:34:00,0 days 00:04:00.000000000,0,4,2,7,2,3,125,22,370,1,0,1,0
38,2018-01-10,06:49:00,06:50:00,0 days 00:01:00.000000000,0,3,2,4,2,4,507,24,172,7,0,1,1
7,2018-05-17,07:34:00,07:39:00,0 days 00:05:00.000000000,6,3,2,4,2,2,769,39,670,7,0,1,0
23,2018-10-29,08:45:00,08:46:00,0 days 00:01:00.000000000,2,4,1,4,2,2,31,16,605,4,0,0,0
60,2017-06-27,06:32:00,06:32:00,0 days 00:00:00.000000000,0,2,2,4,2,4,410,24,242,7,0,1,1
23,2018-09-06,07:30:00,07:46:00,0 days 00:16:00.000000000,10,4,2,4,2,7,644,19,28,7,0,1,1
7,2019-02-15,07:15:00,07:32:00,0 days 00:17:00.000000000,4,4,1,4,2,2,54,12,87,4,0,1,1
53,2019-03-05,06:35:00,06:50:00,0 days 00:15:00.000000000,0,4,2,7,2,3,192,51,151,7,0,1,1
38,2018-09-20,08:05:00,08:07:00,0 days 00:02:00.000000000,10,4,2,4,2,7,658,42,596,7,1,1,1
20,2016-09-19,07:20:00,07:27:00,0 days 00:07:00.000000000,6,2,2,4,2,7,553,19,91,7,0,1,1
40,2016-02-09,07:44:00,07:44:00,0 days 00:00:00.000000000,0,1,2,8,2,3,247,23,591,7,0,1,1
53,2017-11-15,02:42:00,14:43:00,0 days 12:01:00.000000000,0,3,2,4,2,10,260,42,41,7,1,1,1
7,2017-10-20,13:58:00,14:00:00,0 days 00:02:00.000000000,0,3,2,4,2,5,519,50,723,9,1,1,0
23,2017-09-19,08:10:00,08:12:00,0 days 00:02:00.000000000,8,3,1,4,2,3,46,23,478,4,0,1,1
40,2015-10-01,07:50:00,08:00:00,0 days 00:10:00.000000000,0,1,2,3,2,11,751,31,296,7,0,1,0
30,2016-11-10,07:27:00,07:29:00,0 days 00:02:00.000000000,8,2,1,4,2,2,15,16,79,4,0,1,1
38,2018-10-18,08:17:00,08:18:00,0 days 00:01:00.000000000,1,4,2,4,2,10,288,42,258,7,1,1,1
23,2018-06-04,07:03:00,07:07:00,0 days 00:04:00.000000000,4,3,1,4,2,2,50,38,158,4,1,1,1
7,2019-02-15,12:07:00,12:08:00,0 days 00:01:00.000000000,0,4,2,4,2,2,907,39,363,3,0,1,0
30,2015-09-29,07:06:00,07:24:00,0 days 00:18:00.000000000,0,1,2,7,2,3,154,23,531,7,0,0,1
20,2017-02-15,07:49:00,07:49:00,0 days 00:00:00.000000000,5,2,2,4,2,4,318,24,197,7,0,1,1
25,2017-01-09,07:45:00,07:49:00,0 days 00:04:00.000000000,7,2,2,4,2,3,114,5,351,1,0,1,1
60,2016-05-02,06:38:00,06:44:00,0 days 00:06:00.000000000,0,1,2,4,2,3,179,10,262,7,0,1,1
45,2015-12-16,06:34:00,07:19:00,0 days 00:45:00.000000000,0,1,2,6,2,4,350,15,214,7,1,1,1
20,2016-11-23,07:42:00,07:44:00,0 days 00:02:00.000000000,12,2,2,4,2,2,834,50,935,7,1,1,1
75,2018-11-05,15:00:00,15:41:00,0 days 00:41:00.000000000,0,4,2,7,2,10,269,29,767,7,0,1,1
25,2016-12-06,06:57:00,07:04:00,0 days 00:07:00.000000000,3,2,2,4,2,2,789,50,936,7,1,1,1
7,2018-03-19,07:58:00,08:02:00,0 days 00:04:00.000000000,13,3,2,4,2,2,773,50,391,7,1,1,1
20,2016-03-23,17:05:00,17:09:00,0 days 00:04:00.000000000,0,1,2,6,2,2,881,9,512,6,1,1,1
75,2019-01-08,15:44:00,15:46:00,0 days 00:02:00.000000000,0,4,2,10,2,7,696,40,50,3,0,1,1
15,2016-09-08,06:36:00,06:39:00,0 days 00:03:00.000000000,2,2,2,4,2,10,298,42,215,7,1,1,1
38,2018-11-15,07:20:00,07:27:00,0 days 00:07:00.000000000,5,4,2,4,2,2,898,46,474,1,0,1,1
30,2017-03-17,17:20:00,18:05:00,0 days 00:45:00.000000000,1,2,1,7,2,2,545,38,24,4,1,1,1
60,2015-11-19,13:06:00,13:07:00,0 days 00:01:00.000000000,0,1,2,7,2,7,586,18,870,9,0,1,1
17,2016-12-20,07:45:00,07:46:00,0 days 00:01:00.000000000,7,2,2,4,2,4,318,24,197,7,0,1,1
30,2015-10-09,14:00:00,14:22:00,0 days 00:22:00.000000000,0,1,2,7,2,7,666,26,553,9,0,1,1
10,2015-10-01,07:44:00,07:45:00,0 days 00:01:00.000000000,12,1,1,4,2,2,28,16,798,4,0,1,1
23,2018-04-09,07:45:00,07:51:00,0 days 00:06:00.000000000,8,3,2,4,2,3,96,13,360,7,0,1,1
23,2018-09-12,08:27:00,08:28:00,0 days 00:01:00.000000000,1,4,2,4,2,4,315,15,135,7,1,1,1
38,2017-10-02,05:49:00,05:58:00,0 days 00:09:00.000000000,0,3,2,3,2,3,216,41,679,1,0,0,0
75,2019-03-15,08:00:00,08:50:00,0 days 00:50:00.000000000,0,4,2,8,2,7,557,22,692,7,0,1,1
23,2017-10-26,07:31:00,07:32:00,0 days 00:01:00.000000000,3,3,2,4,2,4,437,37,252,7,0,1,0
25,2016-09-06,14:22:00,14:33:00,0 days 00:11:00.000000000,0,2,2,4,2,5,532,27,631,9,0,1,1
15,2016-12-05,06:53:00,06:54:00,0 days 00:01:00.000000000,4,2,2,4,2,2,838,50,728,7,1,1,1
20,2016-05-03,06:46:00,06:47:00,0 days 00:01:00.000000000,2,1,2,4,2,4,393,24,191,7,0,1,1
23,2017-09-28,14:26:00,14:40:00,0 days 00:14:00.000000000,0,3,2,4,2,3,78,36,901,9,0,1,1
38,2018-10-16,05:38:00,05:40:00,0 days 00:02:00.000000000,0,4,2,4,2,10,936,12,849,7,1,1,1
23,2018-05-31,15:13:00,15:16:00,0 days 00:03:00.000000000,0,3,2,4,2,4,394,15,232,9,1,1,1
23,2018-11-05,06:50:00,06:52:00,0 days 00:02:00.000000000,0,4,2,6,2,3,205,9,522,7,0,1,1
23,2018-04-09,07:01:00,07:02:00,0 days 00:01:00.000000000,0,3,2,4,2,9,707,39,766,1,0,1,0
38,2018-10-24,07:16:00,07:19:00,0 days 00:03:00.000000000,0,4,2,4,2,10,259,42,278,7,1,1,1
90,2016-01-25,07:15:00,07:27:00,0 days 00:12:00.000000000,0,1,2,9,2,3,79,36,880,7,0,1,1
53,2018-10-26,14:00:00,14:01:00,0 days 00:01:00.000000000,0,4,2,4,2,5,524,24,702,9,0,1,1
38,2018-12-20,14:31:00,14:31:00,0 days 00:00:00.000000000,0,4,2,4,2,4,508,24,122,9,0,1,1
38,2018-03-09,06:53:00,06:55:00,0 days 00:02:00.000000000,0,3,2,6,2,3,227,9,577,7,0,1,0
23,2017-11-13,06:22:00,06:27:00,0 days 00:05:00.000000000,0,3,2,4,2,2,767,39,318,7,0,1,0
53,2018-10-15,06:17:00,06:17:00,0 days 00:00:00.000000000,0,4,2,4,2,4,399,24,286,7,0,1,1
20,2016-11-30,08:01:00,08:04:00,0 days 00:03:00.000000000,6,2,2,4,2,3,157,36,887,7,0,1,1
12,2016-03-09,07:50:00,07:52:00,0 days 00:02:00.000000000,8,1,2,4,2,4,343,24,206,7,0,1,1
30,2017-05-01,07:18:00,07:25:00,0 days 00:07:00.000000000,1,2,1,4,2,2,11,16,805,4,0,1,1
7,2018-04-10,06:00:00,06:15:00,0 days 00:15:00.000000000,0,3,2,6,2,2,896,19,14,7,0,1,1
42,2017-03-15,06:19:00,06:21:00,0 days 00:02:00.000000000,0,2,2,9,2,2,863,39,932,7,0,1,0
23,2018-03-26,08:00:00,08:08:00,0 days 00:08:00.000000000,3,3,2,4,2,4,492,19,704,7,0,1,1
7,2019-01-15,07:26:00,07:34:00,0 days 00:08:00.000000000,3,4,2,4,2,7,559,19,289,7,0,1,1
30,2016-04-21,06:34:00,06:38:00,0 days 00:04:00.000000000,0,1,2,4,2,7,618,8,418,1,0,1,0
17,2017-05-11,14:29:00,14:31:00,0 days 00:02:00.000000000,1,2,2,4,2,2,870,16,838,9,1,1,1
23,2018-02-13,06:34:00,06:36:00,0 days 00:02:00.000000000,0,3,2,4,2,4,386,24,157,7,0,1,1
23,2018-02-08,07:33:00,07:35:00,0 days 00:02:00.000000000,5,3,2,4,2,11,756,31,363,7,0,1,0
20,2015-09-21,05:20:00,06:45:00,0 days 01:25:00.000000000,0,1,2,4,2,2,931,12,847,7,1,1,1
45,2016-10-05,07:16:00,07:17:00,0 days 00:01:00.000000000,0,2,2,6,2,3,180,23,599,7,0,0,1
38,2018-10-24,06:15:00,06:16:00,0 days 00:01:00.000000000,0,4,2,4,2,4,443,24,168,7,0,1,1
7,2017-09-27,07:38:00,07:39:00,0 days 00:01:00.000000000,0,3,2,4,2,9,714,39,715,1,0,1,0
17,2016-01-05,06:40:00,07:55:00,0 days 01:15:00.000000000,0,1,2,7,2,2,774,29,36,7,0,1,1
20,2015-11-13,14:28:00,14:29:00,0 days 00:01:00.000000000,0,1,2,4,2,3,232,35,475,3,1,1,1
7,2017-12-19,13:54:00,13:57:00,0 days 00:03:00.000000000,0,3,2,4,2,2,783,39,668,9,0,0,0
38,2017-12-14,05:27:00,05:27:00,0 days 00:00:00.000000000,0,3,2,6,2,3,161,36,17,7,0,1,0
15,2016-01-28,07:49:00,07:50:00,0 days 00:01:00.000000000,5,1,2,4,2,4,404,24,124,7,0,1,1
23,2017-10-10,06:10:00,06:45:00,0 days 00:35:00.000000000,0,3,2,4,2,2,811,17,341,1,0,1,0
15,2016-02-12,07:40:00,07:43:00,0 days 00:03:00.000000000,3,1,2,4,2,11,758,47,216,7,1,1,1
30,2017-03-16,07:53:00,07:55:00,0 days 00:02:00.000000000,9,2,1,4,2,2,15,16,800,4,0,1,1
20,2016-09-23,06:14:00,06:15:00,0 days 00:01:00.000000000,0,2,2,4,2,4,490,42,66,7,1,1,1
22,2016-03-17,14:30:00,14:38:00,0 days 00:08:00.000000000,0,1,2,2,2,4,393,24,191,9,0,1,0
23,2018-12-12,08:09:00,08:10:00,0 days 00:01:00.000000000,11,4,2,4,2,3,217,10,781,7,0,1,1
23,2018-05-07,06:38:00,06:39:00,0 days 00:01:00.000000000,0,3,2,4,2,4,500,24,39,7,0,1,1
15,2015-09-16,07:55:00,08:03:00,0 days 00:08:00.000000000,7,1,1,4,2,2,60,12,399,4,0,1,1
53,2017-12-05,07:30:00,07:42:00,0 days 00:12:00.000000000,3,3,2,4,2,4,441,24,327,7,1,1,1
12,2016-11-15,06:52:00,06:57:00,0 days 00:05:00.000000000,0,2,2,4,2,9,700,39,698,1,0,1,0
45,2016-10-06,08:00:00,08:02:00,0 days 00:02:00.000000000,5,2,2,4,2,3,166,36,891,7,0,1,1
53,2018-11-30,13:54:00,13:54:00,0 days 00:00:00.000000000,0,4,2,4,2,4,433,24,182,9,0,1,1
53,2018-04-13,13:58:00,13:59:00,0 days 00:01:00.000000000,0,3,2,4,2,4,528,24,159,9,0,1,1
20,2017-03-23,06:30:00,06:40:00,0 days 00:10:00.000000000,2,2,2,4,2,11,740,9,238,7,1,1,1
38,2018-04-09,07:25:00,07:26:00,0 days 00:01:00.000000000,0,3,2,4,2,2,788,39,787,7,0,1,0
20,2017-05-25,08:10:00,08:11:00,0 days 00:01:00.000000000,4,2,2,4,2,4,352,24,224,7,0,1,1
38,2018-01-10,08:26:00,08:27:00,0 days 00:01:00.000000000,3,3,2,4,2,11,752,31,218,7,0,0,0
30,2017-03-29,07:33:00,07:35:00,0 days 00:02:00.000000000,6,2,2,4,2,3,147,36,910,7,0,1,1
30,2017-05-02,06:20:00,06:26:00,0 days 00:06:00.000000000,0,2,2,6,2,3,128,9,27,7,0,1,1
7,2019-01-18,07:15:00,07:17:00,0 days 00:02:00.000000000,4,4,2,4,2,2,899,16,834,7,0,1,1
23,2018-06-21,07:45:00,07:46:00,0 days 00:01:00.000000000,0,3,2,4,2,4,511,24,205,7,0,1,1
23,2017-11-20,07:16:00,07:17:00,0 days 00:01:00.000000000,0,3,2,6,2,3,140,23,230,7,0,0,1
53,2019-01-30,07:31:00,07:33:00,0 days 00:02:00.000000000,0,4,2,8,2,4,468,41,684,1,0,0,0
75,2018-01-10,06:00:00,09:49:00,0 days 03:49:00.000000000,0,3,1,7,2,3,26,32,601,4,1,1,1
53,2019-01-30,06:28:00,06:30:00,0 days 00:02:00.000000000,0,4,2,4,2,4,415,24,153,7,0,1,1
10,2016-12-21,06:54:00,06:57:00,0 days 00:03:00.000000000,3,2,2,6,2,3,119,36,908,7,0,1,1
23,2018-01-22,06:30:00,06:31:00,0 days 00:01:00.000000000,0,3,2,4,2,9,709,39,700,1,0,1,0
38,2019-02-08,07:46:00,07:47:00,0 days 00:01:00.000000000,4,4,2,4,2,4,440,42,716,7,1,1,1
45,2017-06-13,06:42:00,06:52:00,0 days 00:10:00.000000000,0,2,2,10,2,3,153,36,902,7,0,1,1
27,2017-03-27,07:44:00,07:51:00,0 days 00:07:00.000000000,0,2,2,6,2,2,807,39,347,1,0,1,0
12,2017-03-23,16:54:00,16:55:00,0 days 00:01:00.000000000,0,2,2,4,2,2,872,39,709,9,0,0,0
38,2017-10-06,14:51:00,14:52:00,0 days 00:01:00.000000000,0,3,2,4,2,4,447,24,242,7,0,1,1
25,2017-05-02,06:54:00,06:56:00,0 days 00:02:00.000000000,1,2,2,4,2,7,668,42,68,7,1,1,1
45,2016-12-01,07:37:00,07:44:00,0 days 00:07:00.000000000,7,2,2,4,2,3,152,36,898,7,0,1,1
20,2017-03-20,17:35:00,17:36:00,0 days 00:01:00.000000000,0,2,2,4,2,3,189,42,565,6,1,1,1
23,2017-10-31,06:33:00,06:38:00,0 days 00:05:00.000000000,0,3,2,4,2,3,145,9,439,1,0,1,0
23,2018-11-15,08:26:00,08:33:00,0 days 00:07:00.000000000,0,4,2,4,2,3,137,46,420,1,0,0,0
20,2016-07-12,07:34:00,07:42:00,0 days 00:08:00.000000000,6,2,1,4,2,2,29,16,60,4,0,1,1
45,2016-10-20,06:54:00,06:57:00,0 days 00:03:00.000000000,0,2,2,8,2,3,130,36,875,7,0,1,1
53,2018-04-10,14:21:00,14:23:00,0 days 00:02:00.000000000,0,3,2,3,2,4,348,15,236,9,1,1,1
10,2015-12-03,07:44:00,07:44:00,0 days 00:00:00.000000000,3,1,2,4,2,4,431,24,186,7,0,1,1
7,2018-10-16,07:32:00,07:35:00,0 days 00:03:00.000000000,10,4,2,4,2,2,797,39,362,1,0,1,0
15,2017-05-08,08:41:00,08:45:00,0 days 00:04:00.000000000,1,2,2,7,2,2,831,50,938,7,1,1,1
23,2019-03-12,06:50:00,06:51:00,0 days 00:01:00.000000000,4,4,2,4,2,3,92,5,359,7,0,1,1
45,2016-10-26,07:39:00,07:41:00,0 days 00:02:00.000000000,6,2,2,4,2,3,149,36,890,7,0,1,1
53,2018-03-26,07:54:00,07:55:00,0 days 00:01:00.000000000,0,3,2,4,2,4,357,42,594,7,1,1,1
38,2019-01-09,06:45:00,07:43:00,0 days 00:58:00.000000000,0,4,2,6,2,10,273,29,557,7,0,1,1
35,2017-05-26,06:43:00,06:44:00,0 days 00:01:00.000000000,0,2,2,4,2,3,186,42,588,7,1,1,1
53,2019-01-29,13:21:00,13:21:00,0 days 00:00:00.000000000,0,4,2,4,2,4,414,24,139,9,0,1,1
25,2017-02-15,06:53:00,06:54:00,0 days 00:01:00.000000000,0,2,2,4,2,2,295,42,424,7,1,1,1
23,2018-12-07,06:10:00,06:36:00,0 days 00:26:00.000000000,0,4,2,4,2,2,765,29,37,7,0,1,1
38,2017-12-21,13:53:00,13:55:00,0 days 00:02:00.000000000,0,3,2,4,2,4,453,24,195,7,0,1,1
7,2018-02-07,08:32:00,08:33:00,0 days 00:01:00.000000000,3,3,2,4,2,4,460,24,138,7,0,1,1
38,2018-05-04,06:30:00,06:31:00,0 days 00:01:00.000000000,0,3,2,4,2,4,319,24,97,7,0,1,1
10,2016-10-24,14:16:00,14:18:00,0 days 00:02:00.000000000,0,2,2,4,2,2,874,39,931,9,0,1,0
45,2016-01-15,07:10:00,07:17:00,0 days 00:07:00.000000000,6,1,2,1,2,3,165,36,888,7,0,1,1
15,2017-03-08,08:28:00,08:30:00,0 days 00:02:00.000000000,13,2,2,4,2,2,775,42,654,7,1,1,1
15,2017-02-15,08:04:00,08:06:00,0 days 00:02:00.000000000,3,2,2,4,2,2,851,16,832,7,1,1,1
27,2017-01-12,07:42:00,07:43:00,0 days 00:01:00.000000000,7,2,2,4,2,4,324,24,226,7,0,1,1
10,2016-03-15,14:56:00,15:00:00,0 days 00:04:00.000000000,0,1,2,4,2,11,759,33,312,9,0,1,0
38,2019-03-27,14:05:00,14:05:00,0 days 00:00:00.000000000,0,4,2,4,2,4,372,24,236,9,0,1,1
30,2016-09-19,07:22:00,07:23:00,0 days 00:01:00.000000000,0,2,2,4,2,7,659,26,552,7,0,1,1
53,2019-01-11,07:45:00,09:07:00,0 days 01:22:00.000000000,9,4,2,8,2,3,219,51,506,7,0,1,1
30,2017-04-06,07:46:00,07:46:00,0 days 00:00:00.000000000,6,2,1,4,2,2,30,16,807,4,0,1,1
38,2019-02-06,13:37:00,13:38:00,0 days 00:01:00.000000000,0,4,2,4,2,4,408,24,270,9,0,1,1
75,2019-03-26,07:16:00,07:17:00,0 days 00:01:00.000000000,3,4,1,4,2,2,57,44,103,4,0,1,1
23,2018-05-18,05:51:00,05:52:00,0 days 00:01:00.000000000,0,3,2,4,2,10,260,42,573,7,1,1,1
7,2017-11-16,07:45:00,07:46:00,0 days 00:01:00.000000000,3,3,2,9,2,7,680,19,96,7,0,1,1
53,2018-01-09,06:51:00,06:52:00,0 days 00:01:00.000000000,0,3,2,6,2,2,766,39,672,7,0,1,0
23,2018-05-29,06:58:00,07:05:00,0 days 00:07:00.000000000,0,3,2,4,2,10,278,42,567,7,1,1,1
23,2017-11-01,07:45:00,07:47:00,0 days 00:02:00.000000000,8,3,2,2,2,7,591,5,332,7,0,1,1
37,2015-12-15,08:00:00,08:07:00,0 days 00:07:00.000000000,0,1,2,1,2,4,370,11,622,7,0,1,1
45,2017-06-09,06:22:00,06:32:00,0 days 00:10:00.000000000,0,2,2,4,2,2,897,39,249,1,0,1,0
23,2017-12-05,07:54:00,07:55:00,0 days 00:01:00.000000000,12,3,1,4,2,2,1,16,683,4,0,0,0
45,2015-12-17,16:52:00,17:01:00,0 days 00:09:00.000000000,0,1,2,4,2,7,595,29,198,6,0,1,1
7,2019-01-04,02:27:00,14:33:00,0 days 12:06:00.000000000,0,4,2,4,2,2,915,39,376,3,0,1,0
12,2017-04-20,16:04:00,16:04:00,0 days 00:00:00.000000000,2,2,2,4,2,2,859,16,835,9,1,1,1
23,2018-01-25,16:17:00,16:28:00,0 days 00:11:00.000000000,0,3,2,4,2,3,198,9,521,6,0,1,1
23,2019-02-08,03:24:00,15:35:00,0 days 12:11:00.000000000,0,4,2,4,2,2,918,39,674,1,0,1,0
23,2018-12-06,06:47:00,06:50:00,0 days 00:03:00.000000000,0,4,2,4,2,3,297,42,730,7,0,1,1
60,2016-09-21,07:17:00,07:17:00,0 days 00:00:00.000000000,0,2,2,4,2,4,496,18,696,7,0,1,1
20,2017-03-02,16:35:00,16:38:00,0 days 00:03:00.000000000,0,2,2,7,2,3,185,51,138,6,0,1,1
38,2018-10-25,08:51:00,08:53:00,0 days 00:02:00.000000000,2,4,1,4,2,2,31,16,605,4,0,0,0
53,2018-11-19,06:15:00,06:15:00,0 days 00:00:00.000000000,0,4,2,4,2,4,412,24,123,7,0,1,1
53,2018-03-02,06:48:00,06:49:00,0 days 00:01:00.000000000,0,3,2,4,2,9,718,42,514,7,1,1,1
25,2017-07-17,08:16:00,08:18:00,0 days 00:02:00.000000000,4,3,2,4,2,3,734,42,820,7,1,1,1
30,2015-10-13,07:10:00,07:10:00,0 days 00:00:00.000000000,4,1,2,4,2,2,241,7,280,7,0,1,1
53,2017-10-10,07:03:00,07:05:00,0 days 00:02:00.000000000,0,3,2,4,2,10,287,42,569,7,1,1,1
15,2016-11-23,07:30:00,07:32:00,0 days 00:02:00.000000000,4,2,2,4,2,3,184,42,593,7,1,1,1
23,2018-03-05,06:44:00,06:48:00,0 days 00:04:00.000000000,1,3,2,4,2,2,828,50,393,7,1,1,1
23,2017-12-06,07:21:00,07:22:00,0 days 00:01:00.000000000,0,3,2,4,2,4,427,24,137,7,0,1,1
23,2018-04-11,14:15:00,14:40:00,0 days 00:25:00.000000000,0,3,2,6,2,2,842,16,839,9,0,0,0
20,2016-03-29,07:39:00,07:40:00,0 days 00:01:00.000000000,6,1,1,4,2,2,29,16,796,4,0,1,1
23,2019-02-04,07:30:00,07:42:00,0 days 00:12:00.000000000,6,4,2,6,2,2,777,39,667,7,1,1,1
7,2017-10-31,14:20:00,14:31:00,0 days 00:11:00.000000000,0,3,2,4,2,10,940,12,857,7,0,1,0
23,2018-01-26,06:15:00,06:45:00,0 days 00:30:00.000000000,0,3,2,7,2,3,219,51,160,7,0,0,0
25,2017-02-16,06:58:00,07:00:00,0 days 00:02:00.000000000,0,2,2,4,2,3,77,23,528,7,0,0,1
38,2018-03-07,06:57:00,06:58:00,0 days 00:01:00.000000000,0,3,2,4,2,4,406,24,141,7,0,1,1
25,2017-03-02,07:55:00,07:56:00,0 days 00:01:00.000000000,2,2,2,4,2,7,307,42,55,7,1,1,1
45,2017-03-20,08:30:00,13:21:00,0 days 04:51:00.000000000,0,2,1,7,2,3,27,45,7,4,0,1,1
23,2017-10-26,06:12:00,06:13:00,0 days 00:01:00.000000000,0,3,2,4,2,9,702,39,749,1,0,1,0
7,2018-06-08,07:55:00,08:00:00,0 days 00:05:00.000000000,2,3,2,6,2,7,630,19,64,7,0,1,0
20,2017-02-28,06:51:00,06:51:00,0 days 00:00:00.000000000,0,2,2,7,2,3,249,23,58,7,0,1,1
15,2016-10-17,07:57:00,07:59:00,0 days 00:02:00.000000000,4,2,2,4,2,2,872,39,933,7,0,1,0
10,2015-12-21,07:10:00,07:16:00,0 days 00:06:00.000000000,2,1,1,4,2,3,550,15,83,4,0,1,1
45,2017-07-27,06:19:00,06:32:00,0 days 00:13:00.000000000,0,3,2,4,2,4,346,42,477,7,1,1,1
17,2017-02-17,07:43:00,07:45:00,0 days 00:02:00.000000000,11,2,2,2,2,3,168,13,361,7,0,1,1
15,2016-10-11,07:48:00,07:50:00,0 days 00:02:00.000000000,8,2,1,4,2,2,11,16,541,4,0,1,1
38,2017-10-12,14:30:00,14:47:00,0 days 00:17:00.000000000,0,3,2,1,2,4,385,11,645,9,0,1,1
30,2017-04-17,08:24:00,08:26:00,0 days 00:02:00.000000000,0,2,1,4,2,2,1,16,118,4,0,1,1
60,2016-11-21,08:49:00,08:50:00,0 days 00:01:00.000000000,3,2,2,4,2,11,760,31,266,7,0,1,0
45,2016-02-22,07:00:00,07:05:00,0 days 00:05:00.000000000,4,1,2,1,2,3,163,36,912,7,1,1,1
23,2018-09-17,07:35:00,07:41:00,0 days 00:06:00.000000000,4,4,2,4,2,4,380,19,617,7,0,1,1
30,2017-06-02,13:58:00,13:58:00,0 days 00:00:00.000000000,0,2,2,4,2,4,504,24,167,9,0,1,1
38,2018-10-03,07:42:00,07:44:00,0 days 00:02:00.000000000,0,4,2,3,2,2,876,42,44,7,1,1,1
38,2018-01-10,13:51:00,13:51:00,0 days 00:00:00.000000000,0,3,2,4,2,4,406,24,141,7,0,1,1
38,2018-11-29,08:06:00,08:08:00,0 days 00:02:00.000000000,9,4,1,4,2,2,1,49,539,4,0,0,0
23,2018-03-27,06:26:00,06:26:00,0 days 00:00:00.000000000,0,3,2,4,2,9,711,39,580,1,0,1,0
30,2017-07-06,06:40:00,06:45:00,0 days 00:05:00.000000000,0,3,2,7,2,2,840,9,25,7,1,1,1
7,2018-09-27,07:34:00,07:36:00,0 days 00:02:00.000000000,7,4,2,3,2,2,770,39,43,7,0,0,0
25,2017-03-22,06:34:00,06:35:00,0 days 00:01:00.000000000,0,2,2,4,2,9,724,42,566,7,1,1,1
25,2017-05-19,07:31:00,07:32:00,0 days 00:01:00.000000000,3,2,2,4,2,10,272,42,444,7,1,1,1
53,2018-11-16,14:30:00,14:31:00,0 days 00:01:00.000000000,0,4,2,4,2,4,364,24,185,9,0,1,1
45,2015-09-30,10:20:00,10:32:00,0 days 00:12:00.000000000,0,1,1,7,2,3,6,23,546,4,1,1,1
23,2019-01-23,08:06:00,08:09:00,0 days 00:03:00.000000000,8,4,1,4,2,2,11,16,808,4,0,1,1
30,2016-01-12,07:07:00,07:15:00,0 days 00:08:00.000000000,0,1,2,4,2,4,336,46,30,1,0,0,0
23,2018-03-23,06:45:00,06:56:00,0 days 00:11:00.000000000,0,3,2,4,2,4,312,9,245,7,0,1,0
23,2019-03-05,06:25:00,06:28:00,0 days 00:03:00.000000000,1,4,2,4,2,3,158,14,319,7,0,1,1
38,2018-09-17,06:26:00,06:27:00,0 days 00:01:00.000000000,0,4,2,4,2,4,360,24,39,7,0,1,1
20,2016-02-03,07:30:00,07:44:00,0 days 00:14:00.000000000,2,1,2,7,2,2,943,12,852,7,1,1,1
38,2019-02-04,14:06:00,14:07:00,0 days 00:01:00.000000000,0,4,2,4,2,4,342,24,232,9,0,1,0
15,2016-03-21,07:13:00,07:15:00,0 days 00:02:00.000000000,8,1,2,4,2,11,754,31,608,7,0,0,0
7,2019-02-14,06:31:00,06:33:00,0 days 00:02:00.000000000,0,4,2,4,2,4,390,19,84,7,0,1,1
38,2018-10-16,07:00:00,07:10:00,0 days 00:10:00.000000000,0,4,2,7,2,3,121,22,3,1,0,0,0
20,2016-05-26,15:18:00,15:21:00,0 days 00:03:00.000000000,0,1,2,4,2,4,477,24,204,9,0,1,0
7,2019-03-15,14:32:00,14:34:00,0 days 00:02:00.000000000,0,4,2,2,2,2,824,50,729,9,1,1,1
53,2017-12-04,06:42:00,06:45:00,0 days 00:03:00.000000000,0,3,2,7,2,3,104,36,1,7,0,1,1
23,2018-04-10,08:19:00,08:20:00,0 days 00:01:00.000000000,6,3,1,4,2,2,1,16,493,4,0,0,0
23,2019-02-11,08:37:00,08:39:00,0 days 00:02:00.000000000,13,4,1,4,2,2,32,16,814,4,0,1,1
45,2017-06-23,15:24:00,15:29:00,0 days 00:05:00.000000000,12,2,1,4,2,2,29,16,75,4,0,1,1
75,2018-09-14,07:12:00,07:13:00,0 days 00:01:00.000000000,2,4,1,4,2,2,67,44,465,4,0,1,1
38,2019-02-25,08:09:00,08:12:00,0 days 00:03:00.000000000,1,4,1,4,2,2,1,16,32,4,0,1,1
20,2017-06-05,07:40:00,07:44:00,0 days 00:04:00.000000000,1,2,2,4,2,10,937,12,861,7,1,1,1
23,2019-01-22,06:20:00,06:30:00,0 days 00:10:00.000000000,0,4,2,4,2,4,380,19,617,7,0,1,1
7,2019-01-02,07:51:00,07:54:00,0 days 00:03:00.000000000,14,4,2,4,2,2,813,39,708,1,0,0,0
7,2018-02-28,06:19:00,06:22:00,0 days 00:03:00.000000000,0,3,2,4,2,11,763,50,317,7,1,1,1
20,2017-03-16,06:20:00,06:36:00,0 days 00:16:00.000000000,0,2,2,4,2,4,436,40,299,9,1,1,1
45,2016-09-29,14:03:00,14:05:00,0 days 00:02:00.000000000,0,2,2,4,2,7,577,27,776,9,0,1,1
23,2018-01-31,07:54:00,07:55:00,0 days 00:01:00.000000000,0,3,2,4,2,10,268,42,576,7,1,1,1
25,2017-01-19,07:45:00,08:12:00,0 days 00:27:00.000000000,5,2,2,7,2,2,902,26,194,7,0,1,1
25,2017-03-15,07:13:00,07:15:00,0 days 00:02:00.000000000,0,2,2,9,2,2,848,26,169,7,0,1,1
53,2018-03-16,06:02:00,06:07:00,0 days 00:05:00.000000000,0,3,2,4,2,7,602,42,634,7,1,1,1
38,2018-10-17,14:10:00,14:10:00,0 days 00:00:00.000000000,0,4,2,4,2,4,483,24,34,9,0,1,1
23,2018-09-06,07:20:00,07:22:00,0 days 00:02:00.000000000,4,4,2,4,2,4,432,10,817,7,0,1,1
23,2018-10-24,06:56:00,06:58:00,0 days 00:02:00.000000000,0,4,2,4,2,2,892,39,930,1,0,1,0
23,2018-03-05,06:40:00,06:56:00,0 days 00:16:00.000000000,0,3,2,3,2,2,900,16,831,7,1,1,0
23,2019-02-04,14:51:00,14:55:00,0 days 00:04:00.000000000,0,4,2,4,2,2,845,39,620,7,0,1,0
23,2018-02-15,07:28:00,07:31:00,0 days 00:03:00.000000000,4,3,1,4,2,2,15,16,509,4,0,1,1
23,2019-03-06,06:45:00,06:49:00,0 days 00:04:00.000000000,3,4,2,4,2,3,160,13,542,7,0,1,1
7,2017-11-16,07:40:00,07:42:00,0 days 00:02:00.000000000,10,3,2,4,2,2,778,39,786,7,0,1,0
17,2016-12-19,06:40:00,06:43:00,0 days 00:03:00.000000000,0,2,2,4,2,4,322,46,306,1,1,0,0
38,2019-03-22,06:12:00,06:13:00,0 days 00:01:00.000000000,0,4,2,4,2,4,433,24,182,7,0,1,1
30,2016-09-13,08:26:00,09:31:00,0 days 01:05:00.000000000,0,2,2,3,2,4,362,24,54,7,1,1,1
20,2017-05-03,13:54:00,13:55:00,0 days 00:01:00.000000000,0,2,2,4,2,4,505,24,170,9,0,1,1
53,2018-03-26,06:51:00,06:52:00,0 days 00:01:00.000000000,0,3,2,7,2,2,787,50,437,7,1,1,1
53,2018-02-15,07:36:00,07:39:00,0 days 00:03:00.000000000,3,3,2,4,2,10,306,42,592,7,1,1,1
53,2017-11-28,06:22:00,06:23:00,0 days 00:01:00.000000000,0,3,2,4,2,7,597,42,373,7,1,1,1
53,2018-09-12,07:50:00,07:54:00,0 days 00:04:00.000000000,4,4,2,8,2,4,480,24,328,7,0,1,1
38,2019-02-14,07:42:00,07:44:00,0 days 00:02:00.000000000,13,4,2,4,2,7,596,42,405,7,1,1,1
23,2017-12-05,07:27:00,07:33:00,0 days 00:06:00.000000000,0,3,2,7,2,5,534,47,827,7,1,1,1
10,2016-06-15,08:40:00,08:43:00,0 days 00:03:00.000000000,2,1,2,4,2,4,378,37,263,7,1,0,0
23,2018-09-06,07:56:00,07:58:00,0 days 00:02:00.000000000,0,4,2,4,2,7,613,41,268,1,0,0,0
90,2016-05-04,07:29:00,07:30:00,0 days 00:01:00.000000000,2,1,2,6,2,7,585,18,871,7,0,1,1
38,2018-05-25,08:00:00,08:03:00,0 days 00:03:00.000000000,2,3,2,7,2,4,412,42,65,7,1,1,1
20,2016-03-11,06:15:00,06:32:00,0 days 00:17:00.000000000,0,1,2,4,2,3,131,9,292,1,0,1,1
15,2016-09-08,07:04:00,07:06:00,0 days 00:02:00.000000000,0,2,2,4,2,2,869,39,930,7,0,1,0
38,2017-11-03,06:45:00,06:46:00,0 days 00:01:00.000000000,0,3,2,4,2,4,361,24,192,7,0,1,1
25,2017-06-15,06:17:00,06:18:00,0 days 00:01:00.000000000,0,2,2,4,2,9,704,39,701,1,0,1,0
20,2017-01-06,08:13:00,08:19:00,0 days 00:06:00.000000000,15,2,1,7,2,3,48,23,609,4,1,1,1
30,2015-10-13,06:30:00,06:42:00,0 days 00:12:00.000000000,0,1,2,10,2,3,159,36,876,7,0,1,1
7,2019-03-27,07:15:00,07:45:00,0 days 00:30:00.000000000,8,4,1,4,2,2,544,12,412,4,0,1,1
10,2016-11-02,14:15:00,14:37:00,0 days 00:22:00.000000000,0,2,2,4,2,4,426,24,327,9,1,1,1
38,2017-10-26,06:00:00,06:04:00,0 days 00:04:00.000000000,0,3,2,3,2,2,934,12,860,7,1,1,1
25,2016-06-20,07:50:00,07:51:00,0 days 00:01:00.000000000,8,1,2,4,2,10,280,42,564,7,1,1,1
23,2018-10-30,06:44:00,06:45:00,0 days 00:01:00.000000000,0,4,2,4,2,4,381,24,227,7,0,1,1
25,2016-01-05,07:30:00,07:40:00,0 days 00:10:00.000000000,11,1,2,7,2,3,161,14,316,7,0,1,1
30,2015-11-17,06:10:00,06:11:00,0 days 00:01:00.000000000,0,1,2,4,2,2,841,40,57,7,1,1,1
23,2018-11-19,07:55:00,07:58:00,0 days 00:03:00.000000000,6,4,2,4,2,11,742,31,284,7,0,1,0
53,2018-11-16,08:17:00,08:17:00,0 days 00:00:00.000000000,0,4,2,4,2,4,414,24,139,7,0,1,1
7,2018-05-23,08:02:00,08:05:00,0 days 00:03:00.000000000,13,3,1,4,2,2,544,12,406,4,0,1,1
30,2016-06-14,06:57:00,06:59:00,0 days 00:02:00.000000000,0,1,2,3,2,2,810,39,296,1,0,1,0
53,2018-09-06,06:25:00,06:27:00,0 days 00:02:00.000000000,0,4,2,10,2,3,242,7,275,7,0,0,0
23,2018-12-05,07:20:00,07:26:00,0 days 00:06:00.000000000,7,4,2,4,2,3,162,13,529,7,0,1,1
30,2017-01-12,06:40:00,06:46:00,0 days 00:06:00.000000000,0,2,1,7,2,3,20,23,99,4,1,1,1
23,2018-04-12,06:52:00,06:54:00,0 days 00:02:00.000000000,0,3,2,4,2,4,325,46,330,1,0,0,0
53,2018-10-19,01:52:00,13:56:00,0 days 12:04:00.000000000,0,4,2,4,2,10,950,12,858,7,1,1,1
7,2018-09-21,08:06:00,08:08:00,0 days 00:02:00.000000000,15,4,1,4,2,2,28,16,813,4,0,0,0
23,2017-12-20,07:22:00,07:24:00,0 days 00:02:00.000000000,0,3,2,4,2,7,640,39,382,1,0,1,0
38,2018-12-21,07:06:00,07:06:00,0 days 00:00:00.000000000,0,4,2,4,2,4,408,24,270,7,0,1,1
45,2017-02-28,07:36:00,07:36:00,0 days 00:00:00.000000000,0,2,2,4,2,3,202,41,710,1,0,0,0
23,2018-01-23,08:22:00,08:24:00,0 days 00:02:00.000000000,8,3,1,4,2,2,15,16,822,4,0,1,1
20,2017-07-28,14:30:00,14:33:00,0 days 00:03:00.000000000,0,3,2,4,2,11,743,19,851,7,1,1,1
75,2018-06-01,05:50:00,06:05:00,0 days 00:15:00.000000000,0,3,1,7,2,3,19,23,680,4,1,1,1
38,2018-11-09,00:43:00,12:46:00,0 days 12:03:00.000000000,0,4,2,8,2,2,796,39,374,1,0,1,0
15,2015-10-13,07:20:00,07:34:00,0 days 00:14:00.000000000,8,1,2,4,2,7,635,41,738,1,0,1,0
38,2019-01-31,06:35:00,06:40:00,0 days 00:05:00.000000000,0,4,2,10,2,7,625,41,722,1,0,0,0
23,2017-12-06,15:28:00,15:30:00,0 days 00:02:00.000000000,0,3,2,4,2,2,917,39,520,3,0,1,0
23,2017-11-15,17:04:00,17:09:00,0 days 00:05:00.000000000,0,3,2,4,2,2,857,16,833,6,1,1,1
22,2017-02-13,14:10:00,14:14:00,0 days 00:04:00.000000000,0,2,2,7,2,4,425,24,149,9,0,1,1
38,2018-05-08,15:28:00,15:30:00,0 days 00:02:00.000000000,0,3,2,7,2,3,203,9,523,9,0,1,0
30,2017-02-14,06:45:00,07:09:00,0 days 00:24:00.000000000,0,2,2,4,2,7,619,8,297,1,0,1,0
7,2017-11-28,06:40:00,06:57:00,0 days 00:17:00.000000000,0,3,2,4,2,4,371,11,635,7,0,1,1
30,2017-03-27,07:22:00,07:24:00,0 days 00:02:00.000000000,3,2,1,4,2,2,31,16,811,4,0,1,1
38,2018-09-13,07:05:00,07:06:00,0 days 00:01:00.000000000,0,4,2,4,2,4,498,24,174,7,0,1,1
60,2016-03-07,07:30:00,07:31:00,0 days 00:01:00.000000000,2,1,2,4,2,3,303,18,621,7,0,1,1
23,2019-03-26,15:45:00,16:04:00,0 days 00:19:00.000000000,0,4,2,10,2,2,908,39,354,3,1,1,0
75,2018-11-21,07:22:00,07:23:00,0 days 00:01:00.000000000,1,4,1,4,2,2,59,44,114,4,0,1,1
40,2015-10-29,06:55:00,07:10:00,0 days 00:15:00.000000000,0,1,2,4,2,7,632,22,368,1,0,0,0
38,2018-12-14,12:12:00,12:13:00,0 days 00:01:00.000000000,0,4,2,6,2,3,250,7,274,9,0,0,0
25,2015-10-30,07:00:00,07:02:00,0 days 00:02:00.000000000,0,1,2,6,2,7,636,5,400,1,0,1,1
53,2018-02-02,07:39:00,07:40:00,0 days 00:01:00.000000000,5,3,2,6,2,3,117,35,456,1,1,1,1
20,2017-06-06,07:37:00,07:41:00,0 days 00:04:00.000000000,6,2,1,4,2,2,1,16,801,4,0,1,1
53,2019-03-19,13:39:00,13:40:00,0 days 00:01:00.000000000,0,4,2,4,2,4,415,24,153,9,0,1,1
20,2015-09-24,06:48:00,07:11:00,0 days 00:23:00.000000000,0,1,2,10,2,4,335,46,389,1,1,1,0
23,2018-06-14,07:31:00,07:33:00,0 days 00:02:00.000000000,5,3,2,4,2,4,398,10,794,7,0,1,1
7,2017-12-05,15:33:00,15:34:00,0 days 00:01:00.000000000,0,3,2,4,2,3,236,22,372,3,0,0,0
45,2016-02-25,07:53:00,07:56:00,0 days 00:03:00.000000000,0,1,2,10,2,3,111,22,365,1,0,1,1
38,2017-10-27,07:37:00,07:37:00,0 days 00:00:00.000000000,0,3,2,4,2,4,451,24,229,7,0,1,1
20,2016-06-08,08:38:00,08:40:00,0 days 00:02:00.000000000,1,1,1,4,2,2,28,16,513,4,0,1,1
53,2018-05-23,14:06:00,14:08:00,0 days 00:02:00.000000000,0,3,2,6,2,3,195,51,285,9,0,1,1
75,2019-03-07,08:05:00,08:08:00,0 days 00:03:00.000000000,0,4,2,3,2,2,877,16,829,7,0,1,1
45,2017-03-29,07:32:00,07:39:00,0 days 00:07:00.000000000,5,2,1,4,2,2,15,16,22,4,0,1,1
30,2015-11-04,06:54:00,06:54:00,0 days 00:00:00.000000000,2,1,2,4,2,4,345,24,165,7,0,1,1
23,2019-03-27,07:30:00,07:37:00,0 days 00:07:00.000000000,4,4,2,4,2,7,584,5,257,7,0,1,1
30,2016-07-14,07:12:00,07:13:00,0 days 00:01:00.000000000,2,2,2,4,2,4,347,40,653,7,0,1,1
38,2018-09-07,07:20:00,07:35:00,0 days 00:15:00.000000000,2,4,2,4,2,2,881,16,840,7,0,1,1
27,2016-09-09,08:00:00,08:11:00,0 days 00:11:00.000000000,7,2,2,4,2,2,786,9,56,7,1,1,1
23,2019-03-08,06:34:00,06:37:00,0 days 00:03:00.000000000,0,4,2,10,2,3,181,9,489,7,0,0,0
5,2015-09-22,07:48:00,07:49:00,0 days 00:01:00.000000000,2,1,1,4,2,2,29,16,867,4,0,1,1
17,2017-05-17,07:44:00,07:51:00,0 days 00:07:00.000000000,0,2,2,4,2,2,843,16,837,7,0,1,0
38,2019-02-25,06:59:00,07:00:00,0 days 00:01:00.000000000,0,4,2,4,2,7,626,41,52,1,0,0,0
38,2018-11-07,07:10:00,07:12:00,0 days 00:02:00.000000000,0,4,2,10,2,3,138,23,533,7,0,1,1
15,2015-12-21,14:52:00,14:57:00,0 days 00:05:00.000000000,0,1,2,2,2,7,684,39,356,1,0,1,0
25,2017-02-10,07:30:00,07:31:00,0 days 00:01:00.000000000,3,2,2,9,2,3,204,5,252,1,0,1,1
53,2019-01-28,08:35:00,08:36:00,0 days 00:01:00.000000000,0,4,2,4,2,4,522,24,94,7,0,1,1
7,2018-01-11,06:48:00,06:50:00,0 days 00:02:00.000000000,1,3,1,4,2,2,34,44,460,4,0,1,0
25,2016-02-09,07:58:00,07:59:00,0 days 00:01:00.000000000,4,1,2,4,2,2,817,42,447,7,1,1,1
15,2016-03-17,07:00:00,07:13:00,0 days 00:13:00.000000000,5,1,2,7,2,3,81,36,911,7,0,1,1
23,2017-11-16,07:46:00,07:47:00,0 days 00:01:00.000000000,6,3,2,4,2,4,459,10,756,7,0,1,1
30,2016-02-09,06:27:00,06:31:00,0 days 00:04:00.000000000,0,1,2,4,2,3,276,42,409,7,1,1,1
53,2019-02-13,07:57:00,07:59:00,0 days 00:02:00.000000000,10,4,2,4,2,4,368,40,20,7,0,1,1
23,2018-04-11,08:09:00,08:13:00,0 days 00:04:00.000000000,5,3,1,4,2,2,29,16,539,4,0,0,0
18,2017-05-18,16:41:00,16:43:00,0 days 00:02:00.000000000,0,2,2,4,2,2,910,39,780,7,0,0,0
23,2018-09-17,08:25:00,08:26:00,0 days 00:01:00.000000000,9,4,2,4,2,3,190,10,597,7,0,1,1
30,2016-10-14,07:00:00,15:40:00,0 days 08:40:00.000000000,0,2,2,7,2,3,135,36,882,9,0,1,1
20,2017-05-22,07:44:00,07:47:00,0 days 00:03:00.000000000,7,2,1,4,2,2,11,16,818,4,0,1,0
23,2017-12-20,07:00:00,08:41:00,0 days 01:41:00.000000000,6,3,1,7,2,3,49,23,480,4,1,1,1
10,2017-07-05,07:50:00,07:56:00,0 days 00:06:00.000000000,1,3,1,4,2,2,517,12,410,4,0,1,1
23,2019-02-13,07:00:00,07:07:00,0 days 00:07:00.000000000,0,4,2,6,2,3,150,9,304,1,0,1,1
15,2016-12-21,16:39:00,16:40:00,0 days 00:01:00.000000000,0,2,2,4,2,2,858,16,836,6,1,1,1
20,2016-03-15,07:57:00,08:01:00,0 days 00:04:00.000000000,0,1,2,7,2,7,637,39,349,1,0,1,0
38,2018-04-30,06:27:00,06:38:00,0 days 00:11:00.000000000,0,3,2,10,2,3,225,9,583,7,0,1,1
30,2017-03-15,06:00:00,06:11:00,0 days 00:11:00.000000000,0,2,2,9,2,10,558,1,108,7,1,1,1
23,2018-04-25,07:29:00,07:31:00,0 days 00:02:00.000000000,4,3,2,4,2,4,314,24,126,7,0,1,1
15,2017-07-18,06:10:00,06:19:00,0 days 00:09:00.000000000,0,3,2,4,2,3,97,14,543,7,0,1,1
15,2016-01-27,07:25:00,08:10:00,0 days 00:45:00.000000000,7,1,2,4,2,10,563,1,116,7,1,1,0
23,2017-10-17,06:53:00,06:58:00,0 days 00:05:00.000000000,4,3,2,4,2,2,779,50,940,7,1,1,1
30,2016-01-25,08:05:00,08:33:00,0 days 00:28:00.000000000,2,1,2,9,2,4,379,15,145,7,1,1,1
15,2015-10-29,08:50:00,09:00:00,0 days 00:10:00.000000000,1,1,1,4,2,2,14,16,148,4,0,1,1
23,2017-10-19,06:24:00,06:24:00,0 days 00:00:00.000000000,0,3,2,3,2,7,589,23,530,7,0,1,1
38,2019-03-05,07:07:00,07:09:00,0 days 00:02:00.000000000,0,4,2,4,2,7,606,42,628,7,1,1,1
23,2018-06-18,07:14:00,07:15:00,0 days 00:01:00.000000000,0,3,2,4,2,4,359,24,121,7,0,1,1
20,2017-05-08,14:18:00,14:21:00,0 days 00:03:00.000000000,0,2,1,4,2,2,32,16,496,4,0,1,1
23,2018-03-02,13:12:00,13:14:00,0 days 00:02:00.000000000,0,3,2,4,2,2,905,39,515,3,0,1,0
40,2016-09-08,07:35:00,07:41:00,0 days 00:06:00.000000000,4,2,2,4,2,10,578,1,111,7,1,1,1
15,2016-04-07,07:59:00,08:01:00,0 days 00:02:00.000000000,3,1,2,4,2,4,442,24,38,7,0,1,1
35,2017-06-13,06:30:00,06:32:00,0 days 00:02:00.000000000,0,2,2,4,2,10,302,42,422,7,1,1,1
20,2016-06-21,14:27:00,14:33:00,0 days 00:06:00.000000000,0,1,2,4,2,3,165,36,919,9,0,1,1
15,2016-10-11,07:34:00,07:36:00,0 days 00:02:00.000000000,11,2,2,4,2,2,821,50,394,7,1,1,1
23,2018-02-02,06:59:00,07:02:00,0 days 00:03:00.000000000,3,3,2,4,2,3,178,10,481,7,0,1,1
38,2019-02-12,13:17:00,13:18:00,0 days 00:01:00.000000000,1,4,2,4,2,4,454,24,136,9,0,1,1
23,2019-01-07,06:39:00,06:42:00,0 days 00:03:00.000000000,0,4,2,7,2,7,609,42,629,7,0,1,1
53,2018-03-20,06:00:00,06:43:00,0 days 00:43:00.000000000,0,3,1,7,2,3,24,32,603,4,1,1,1
45,2017-04-26,06:41:00,06:47:00,0 days 00:06:00.000000000,0,2,1,7,2,7,39,20,611,4,1,1,1
75,2018-10-26,07:34:00,10:36:00,0 days 03:02:00.000000000,3,4,2,4,2,7,601,40,770,7,0,1,1
10,2016-05-10,07:33:00,07:34:00,0 days 00:01:00.000000000,0,1,2,4,2,7,676,15,826,7,1,1,1
38,2018-01-25,13:55:00,13:56:00,0 days 00:01:00.000000000,0,3,2,4,2,4,450,24,271,9,0,1,1
15,2016-04-06,07:53:00,07:54:00,0 days 00:01:00.000000000,5,1,2,4,2,4,355,24,142,7,0,1,1
30,2017-05-01,06:50:00,06:54:00,0 days 00:04:00.000000000,1,2,2,10,2,4,929,12,864,7,1,1,1
23,2018-02-12,14:32:00,14:34:00,0 days 00:02:00.000000000,0,3,2,5,2,7,689,30,88,1,0,0,0
15,2015-10-02,06:47:00,06:58:00,0 days 00:11:00.000000000,0,1,2,4,2,9,697,39,49,7,0,1,0
38,2018-03-12,07:25:00,07:43:00,0 days 00:18:00.000000000,0,3,2,7,2,3,89,36,815,7,0,1,0
23,2018-11-28,07:18:00,07:22:00,0 days 00:04:00.000000000,0,4,2,4,2,7,618,8,353,1,0,0,0
27,2016-12-16,07:00:00,07:08:00,0 days 00:08:00.000000000,2,2,2,4,2,2,768,11,246,7,1,1,1
25,2016-01-27,05:50:00,05:55:00,0 days 00:05:00.000000000,0,1,2,7,2,3,123,22,469,1,0,1,1
30,2017-01-17,07:42:00,07:43:00,0 days 00:01:00.000000000,5,2,1,4,2,2,12,16,16,4,0,1,1
60,2015-12-07,15:20:00,15:34:00,0 days 00:14:00.000000000,15,1,1,7,2,3,23,23,734,4,0,1,1
20,2016-06-10,07:09:00,07:13:00,0 days 00:04:00.000000000,0,1,2,7,2,2,801,17,336,1,0,1,1
30,2015-11-18,07:33:00,07:34:00,0 days 00:01:00.000000000,0,1,2,4,2,7,688,26,757,7,0,1,1
7,2018-01-03,06:22:00,06:23:00,0 days 00:01:00.000000000,0,3,2,6,2,10,935,12,855,7,1,1,1
20,2016-12-01,07:41:00,07:43:00,0 days 00:02:00.000000000,7,2,2,4,2,4,444,24,172,7,0,1,1
30,2016-03-21,07:13:00,07:14:00,0 days 00:01:00.000000000,0,1,2,4,2,7,554,27,397,7,0,1,1
53,2018-11-16,14:28:00,14:29:00,0 days 00:01:00.000000000,0,4,2,4,2,4,428,24,180,9,0,1,1
38,2018-09-26,07:51:00,07:52:00,0 days 00:01:00.000000000,0,4,2,4,2,10,261,42,569,7,1,1,1
38,2018-02-09,14:20:00,14:31:00,0 days 00:11:00.000000000,0,3,2,7,2,7,654,29,736,9,0,1,1
38,2018-01-23,06:50:00,06:53:00,0 days 00:03:00.000000000,0,3,2,7,2,3,99,36,485,7,0,0,0
23,2019-03-28,06:40:00,06:42:00,0 days 00:02:00.000000000,0,4,2,4,2,7,633,14,718,1,0,1,1
45,2017-05-11,06:34:00,06:36:00,0 days 00:02:00.000000000,0,2,2,3,2,4,364,24,35,7,0,1,1
7,2017-10-17,08:29:00,08:32:00,0 days 00:03:00.000000000,1,3,1,4,2,2,238,6,367,4,0,1,1
30,2015-12-16,07:30:00,07:33:00,0 days 00:03:00.000000000,0,1,1,4,2,2,63,6,427,4,0,1,1
30,2016-01-26,07:30:00,07:43:00,0 days 00:13:00.000000000,9,1,2,9,2,2,945,12,855,7,1,1,1
20,2016-05-02,07:20:00,07:29:00,0 days 00:09:00.000000000,3,1,2,4,2,10,573,1,106,7,1,1,1
15,2016-03-30,07:07:00,07:10:00,0 days 00:03:00.000000000,0,1,1,7,2,2,28,16,805,4,1,1,1
38,2019-02-11,06:00:00,06:01:00,0 days 00:01:00.000000000,0,4,2,4,2,4,430,24,155,7,0,1,1
38,2017-09-18,08:20:00,08:21:00,0 days 00:01:00.000000000,8,3,2,4,2,7,673,26,549,7,0,1,1
53,2019-03-22,07:05:00,07:21:00,0 days 00:16:00.000000000,0,4,1,7,2,3,45,23,105,4,1,1,1
38,2018-09-07,07:50:00,07:51:00,0 days 00:01:00.000000000,0,4,2,4,2,7,266,42,128,7,1,1,1
38,2018-11-15,14:11:00,14:11:00,0 days 00:00:00.000000000,0,4,2,4,2,4,487,24,146,9,0,1,1
75,2018-12-03,07:51:00,07:53:00,0 days 00:02:00.000000000,4,4,1,4,2,2,53,44,460,4,0,1,1
20,2017-01-11,07:10:00,07:18:00,0 days 00:08:00.000000000,2,2,2,4,2,3,208,5,256,1,0,1,1
35,2017-05-24,07:00:00,07:08:00,0 days 00:08:00.000000000,0,2,2,6,2,2,882,9,536,7,1,1,1
53,2019-04-01,14:20:00,14:26:00,0 days 00:06:00.000000000,0,4,2,6,2,3,234,22,269,1,0,1,0
53,2018-11-21,07:08:00,07:16:00,0 days 00:08:00.000000000,2,4,2,4,2,7,643,40,793,1,0,1,1
7,2018-04-12,06:43:00,06:45:00,0 days 00:02:00.000000000,0,3,2,4,2,2,853,39,927,7,0,1,0
38,2018-11-01,07:31:00,07:33:00,0 days 00:02:00.000000000,7,4,2,4,2,4,389,42,40,7,1,1,1
23,2018-09-26,07:03:00,07:06:00,0 days 00:03:00.000000000,0,4,2,4,2,7,678,15,213,7,1,1,1
30,2016-01-27,07:19:00,07:37:00,0 days 00:18:00.000000000,6,1,1,4,2,3,3,23,602,4,1,1,1
12,2017-01-25,06:14:00,06:15:00,0 days 00:01:00.000000000,0,2,2,4,2,2,771,39,589,7,0,1,0
35,2017-05-24,06:42:00,06:42:00,0 days 00:00:00.000000000,0,2,2,10,2,3,211,41,740,1,0,0,0
53,2018-10-18,14:17:00,14:20:00,0 days 00:03:00.000000000,0,4,2,1,2,4,334,15,133,9,1,1,1
20,2015-11-09,07:23:00,07:38:00,0 days 00:15:00.000000000,4,1,1,4,2,3,36,23,547,4,1,1,1
38,2019-01-03,05:46:00,05:49:00,0 days 00:03:00.000000000,2,4,2,4,2,4,516,24,147,7,0,1,1
53,2018-10-02,13:32:00,13:33:00,0 days 00:01:00.000000000,0,4,2,4,2,4,397,24,90,9,0,1,1
23,2018-05-10,07:40:00,07:42:00,0 days 00:02:00.000000000,5,3,2,4,2,4,384,10,781,7,0,1,1
25,2016-01-05,07:43:00,07:49:00,0 days 00:06:00.000000000,0,1,2,4,2,7,639,39,354,1,0,1,0
53,2018-06-14,06:25:00,06:35:00,0 days 00:10:00.000000000,0,3,2,4,2,2,890,17,338,1,0,1,1
23,2019-02-26,09:00:00,09:56:00,0 days 00:56:00.000000000,0,4,2,10,2,5,521,19,288,7,0,1,0
23,2018-10-15,07:40:00,07:59:00,0 days 00:19:00.000000000,10,4,2,4,2,7,612,40,792,7,0,1,1
60,2016-11-15,08:04:00,08:07:00,0 days 00:03:00.000000000,3,2,2,4,2,11,749,31,220,7,0,1,0
20,2015-10-06,07:33:00,07:37:00,0 days 00:04:00.000000000,4,1,2,8,2,11,750,31,550,7,0,0,1
23,2017-09-08,08:10:00,08:11:00,0 days 00:01:00.000000000,0,3,2,4,2,7,671,26,551,7,0,1,1
20,2017-07-20,07:39:00,07:49:00,0 days 00:10:00.000000000,0,3,1,7,2,3,5,23,689,4,1,1,1
35,2017-04-28,08:02:00,08:02:00,0 days 00:00:00.000000000,0,2,2,4,2,3,215,41,735,1,0,1,0
38,2017-12-11,07:28:00,07:29:00,0 days 00:01:00.000000000,0,3,2,4,2,4,509,24,181,7,0,1,1
23,2018-11-06,08:15:00,08:18:00,0 days 00:03:00.000000000,6,4,2,4,2,4,402,10,582,7,0,1,1
30,2016-11-30,14:16:00,14:30:00,0 days 00:14:00.000000000,0,2,2,4,2,7,590,40,51,9,1,1,1
15,2015-12-07,07:27:00,07:30:00,0 days 00:03:00.000000000,12,1,2,7,2,2,850,26,658,7,0,1,0
38,2018-09-27,08:02:00,08:03:00,0 days 00:01:00.000000000,3,4,2,8,2,4,511,10,782,7,0,1,1
38,2019-03-08,06:50:00,06:50:00,0 days 00:00:00.000000000,0,4,2,4,2,10,292,42,74,7,1,1,1
7,2017-09-14,07:45:00,07:45:00,0 days 00:00:00.000000000,6,3,1,4,2,2,737,12,379,4,0,1,1
15,2016-11-28,07:49:00,07:50:00,0 days 00:01:00.000000000,10,2,2,2,2,3,171,13,295,7,0,1,1
23,2018-05-01,06:20:00,06:20:00,0 days 00:00:00.000000000,0,3,2,4,2,9,713,39,511,1,0,1,0
38,2018-09-28,07:24:00,07:29:00,0 days 00:05:00.000000000,0,4,2,10,2,3,109,23,82,7,0,1,1
38,2019-01-02,14:03:00,14:03:00,0 days 00:00:00.000000000,0,4,2,4,2,4,409,24,287,9,0,1,1
30,2016-11-29,14:20:00,14:24:00,0 days 00:04:00.000000000,0,2,2,5,2,7,682,3,343,9,0,1,0
15,2016-01-21,06:40:00,06:45:00,0 days 00:05:00.000000000,0,1,2,4,2,9,717,39,322,1,0,0,0
45,2017-07-07,07:23:00,07:25:00,0 days 00:02:00.000000000,2,3,2,7,2,7,571,26,148,7,0,1,1
10,2017-03-31,06:31:00,06:32:00,0 days 00:01:00.000000000,0,2,2,4,2,4,462,24,144,7,0,1,1
38,2018-04-27,14:03:00,14:04:00,0 days 00:01:00.000000000,0,3,2,4,2,4,401,24,182,9,0,1,1
23,2017-09-11,06:51:00,06:52:00,0 days 00:01:00.000000000,0,3,2,4,2,4,488,24,226,7,0,1,1
38,2018-11-20,14:13:00,14:14:00,0 days 00:01:00.000000000,0,4,2,4,2,4,510,24,149,9,0,1,1
15,2017-03-20,07:01:00,07:19:00,0 days 00:18:00.000000000,0,2,2,4,2,2,873,26,772,7,0,1,0
25,2017-05-31,07:43:00,07:46:00,0 days 00:03:00.000000000,1,2,2,7,2,5,520,47,874,7,1,1,1
